14;6;0;giraffe;VR;with;VR;1;3.922852
14;6;1;rhino;PC;with;PC;1;6.774658
14;6;2;tiger;VR;with;VR;1;4.098145
14;6;3;pig;PC;with;PC;1;6.518311
14;6;4;owl;PC;with;PC;1;4.632324
14;6;5;panda;VR;with;VR;1;3.342773
14;6;6;gorilla;VR;with;VR;1;2.287598
14;6;7;bouquet;PC;with;PC;1;8.682617
14;6;8;icebear;PC;with;PC;1;2.390137
14;6;9;sheep;VR;with;PC;1;7.241211
14;6;10;elk;VR;with;VR;1;3.542969
14;6;11;octopus;VR;with;VR;1;3.553955
14;6;12;zebra;VR;with;VR;1;3.764893
14;6;13;eagle;VR;with;VR;1;18.76904
14;6;14;hippo;VR;with;PC;0.3750253;38.58228
14;6;15;crocodile;PC;with;PC;0.9138198;9.762207
14;6;16;bison;PC;with;VR;0.8749241;10.79492
14;6;17;bear;PC;with;PC;0.8624269;6.108398
14;6;18;hyena;VR;with;PC;0.9075713;3.297607
14;6;19;turtle;VR;with;PC;1;8.741211
14;6;20;elephant;PC;with;PC;1;12.39429
14;6;21;pelikan;PC;with;PC;1;4.609131
14;6;22;donkey;VR;with;VR;1;7.374512
14;6;23;kangaroo;VR;with;PC;0.8593025;8.44043
14;6;24;snake;PC;with;PC;1;25.52002
14;6;25;leopard;PC;with;VR;0.8138403;6.987305
14;6;26;wolf;PC;with;PC;0.1719412;20.73486
14;6;27;goat;PC;with;PC;0.6687159;10.53955
14;6;28;horse;PC;with;PC;1;8.973633
14;6;29;cow;VR;with;VR;1;20.60205
