15;3;0;elephant;Real;with;Real;1;4.640869
15;3;1;owl;Real;with;VR;0.7989408;11.77307
15;3;2;gorilla;VR;with;VR;0.5;6.518555
15;3;3;hippo;Real;with;Real;1;8.641113
15;3;4;donkey;Real;with;Real;1;5.509155
15;3;5;crocodile;VR;with;VR;0.684453;9.839478
15;3;6;eagle;VR;with;VR;0;16.50342
15;3;7;snake;VR;with;VR;0.881627;6.030518
15;3;8;turtle;Real;with;Real;1;6.297119
15;3;9;pelikan;VR;with;Real;0.1056518;16.0481
15;3;10;cow;Real;with;Real;1;4.264771
15;3;11;leopard;VR;with;Real;0.2742041;15.83728
15;3;12;bear;VR;with;VR;0.5;5.552124
15;3;13;wolf;VR;with;VR;0.5;7.574219
15;3;14;sheep;VR;with;VR;0.7671388;9.784912
15;3;15;zebra;VR;with;VR;0.07703011;8.295532
15;3;16;bouquet;VR;with;VR;1;6.386841
15;3;17;panda;Real;with;Real;1;7.351318
15;3;18;pig;VR;with;VR;1;5.676147
15;3;19;tiger;Real;with;VR;0.2105995;9.572388
15;3;20;horse;Real;with;Real;1;5.953125
15;3;21;goat;Real;with;Real;1;5.141846
15;3;22;kangaroo;Real;with;Real;0;16.33704
15;3;23;rhino;VR;with;VR;0.7862201;5.53064
15;3;24;hyena;Real;with;Real;0.7035343;5.509277
15;3;25;bison;Real;with;Real;1;7.582886
15;3;26;giraffe;Real;with;Real;1;6.509888
15;3;27;octopus;VR;with;VR;1;5.530762
15;3;28;icebear;VR;with;VR;0.5;7.496582
15;3;29;elk;Real;with;Real;0.7098947;8.018433
