13;1;0;eagle;Real;with;Real;1;7.271423
13;1;1;zebra;PC;without;PC;0.7513528;7.463837
13;1;2;gorilla;Real;with;Real;1;4.942291
13;1;3;bouquet;Real;with;Real;1;4.309113
13;1;4;turtle;PC;without;PC;1;4.240753
13;1;5;goat;PC;without;PC;1;3.900879
13;1;6;icebear;Real;with;Real;0.7062085;6.540527
13;1;7;tiger;Real;with;Real;1;4.886536
13;1;8;elk;Real;with;Real;1;6.474762
13;1;9;kangaroo;Real;with;Real;1;5.475189
13;1;10;bison;Real;with;Real;1;4.464691
13;1;11;octopus;PC;without;PC;1;3.388306
13;1;12;hippo;PC;without;PC;1;3.418701
13;1;13;cow;Real;with;Real;0.5;8.552551
13;1;14;giraffe;Real;with;PC;1;7.62973
13;1;15;horse;Real;with;Real;1;4.908936
13;1;16;snake;PC;without;PC;1;3.398315
13;1;17;panda;PC;without;PC;0.7905661;5.719696
13;1;18;leopard;PC;without;Real;1;7.685364
13;1;19;rhino;PC;without;Real;0.5437412;12.46136
13;1;20;owl;PC;without;PC;1;3.442444
13;1;21;sheep;Real;with;Real;1;3.664917
13;1;22;bear;PC;without;PC;0.5437412;6.197021
13;1;23;pig;PC;without;PC;1;5.342102
13;1;24;wolf;Real;with;Real;0.7437008;6.363892
13;1;25;hyena;PC;without;Real;0.3094134;8.39563
13;1;26;pelikan;Real;with;Real;1;5.386902
13;1;27;crocodile;Real;with;Real;1;4.653137
13;1;28;donkey;PC;without;PC;0.5;3.431702
13;1;29;elephant;PC;without;PC;1;3.135376
