14;3;0;zebra;PC;without;PC;1;10.91638
14;3;1;tiger;VR;without;VR;1;4.009216
14;3;2;pelikan;VR;without;VR;1;2.15271
14;3;3;elephant;PC;without;PC;1;2.645325
14;3;4;owl;PC;without;PC;1;4.25354
14;3;5;octopus;PC;without;PC;1;2.121277
14;3;6;crocodile;PC;without;PC;1;2.509888
14;3;7;goat;VR;without;VR;1;2.087891
14;3;8;cow;PC;without;PC;1;4.397949
14;3;9;panda;PC;without;PC;1;2.598816
14;3;10;bear;VR;without;VR;1;2.543213
14;3;11;rhino;PC;without;PC;1;2.476746
14;3;12;turtle;VR;without;VR;1;2.29895
14;3;13;donkey;VR;without;VR;1;2.410583
14;3;14;hyena;VR;without;VR;1;3.753174
14;3;15;eagle;VR;without;VR;1;2.354553
14;3;16;snake;PC;without;PC;1;2.409851
14;3;17;giraffe;VR;without;VR;1;2.343628
14;3;18;horse;PC;without;PC;1;3.353821
14;3;19;hippo;VR;without;VR;1;3.431885
14;3;20;leopard;PC;without;PC;0.6968352;10.52838
14;3;21;bouquet;VR;without;VR;1;4.997742
14;3;22;bison;PC;without;PC;1;3.798096
14;3;23;wolf;PC;without;PC;1;3.209656
14;3;24;elk;PC;without;PC;0.9606857;7.418884
14;3;25;sheep;VR;without;VR;1;2.676575
14;3;26;icebear;VR;without;PC;1;3.098511
14;3;27;pig;VR;without;VR;1;6.352844
14;3;28;kangaroo;VR;without;VR;1;3.198669
14;3;29;gorilla;PC;without;PC;1;2.510071
