16;6;0;cow;Real;with;Real;0.9875444;5.290771
16;6;1;kangaroo;Real;with;Real;0.9843641;3.677002
16;6;2;donkey;Real;with;Real;1;4.075195
16;6;3;pig;Real;with;Real;1;4.121094
16;6;4;elk;VR;without;VR;0.5772955;7.396484
16;6;5;owl;Real;with;Real;0.7490278;7.118164
16;6;6;eagle;Real;with;VR;0.3928425;4.819824
16;6;7;panda;VR;without;VR;0.9621025;5.143311
16;6;8;turtle;Real;with;Real;0.9080389;4.874512
16;6;9;crocodile;VR;without;VR;0.7331265;6.319092
16;6;10;bouquet;Real;with;Real;1;3.377197
16;6;11;hyena;Real;with;Real;0.9875444;4.463867
16;6;12;horse;VR;without;VR;0.993905;4.886475
16;6;13;giraffe;VR;without;VR;0.9143992;4.40918
16;6;14;icebear;VR;without;VR;0.9303005;4.087646
16;6;15;zebra;Real;with;Real;0.993905;5.66333
16;6;16;hippo;VR;without;VR;0.9652828;4.086914
16;6;17;tiger;VR;without;VR;1;4.064941
16;6;18;elephant;VR;without;VR;1;3.310303
16;6;19;rhino;VR;without;VR;0.7935507;4.309326
16;6;20;bear;VR;without;VR;0.9398412;6.029541
16;6;21;pelikan;Real;with;Real;0.9684631;5.295898
16;6;22;snake;VR;without;VR;0.7808298;4.521729
16;6;23;octopus;VR;without;VR;0.9811841;5.008789
16;6;24;wolf;Real;with;Real;1;5.987305
16;6;25;goat;Real;with;Real;1;3.652832
16;6;26;gorilla;VR;without;VR;0.9462014;5.320801
16;6;27;leopard;VR;without;VR;0.5868364;7.11792
16;6;28;sheep;Real;with;Real;0.9875444;5.419678
16;6;29;bison;Real;with;Real;1;4.243408
