5;5;0;panda;VR;without;VR;1;4.01416
5;5;1;owl;PC;without;PC;0.1327279;6.674805
5;5;2;elephant;PC;without;PC;1;4.897705
5;5;3;giraffe;PC;without;PC;1;3.653809
5;5;4;horse;VR;without;VR;1;3.275635
5;5;5;icebear;VR;without;VR;1;2.710449
5;5;6;pig;PC;without;PC;0.2702;4.275146
5;5;7;eagle;PC;without;PC;0.1920909;3.35376
5;5;8;donkey;VR;without;VR;1;2.733154
5;5;9;leopard;VR;without;VR;1;4.608887
5;5;10;tiger;PC;without;PC;1;3.231689
5;5;11;octopus;PC;without;PC;1;3.542725
5;5;12;cow;VR;without;VR;1;3.05249
5;5;13;snake;PC;without;PC;1;2.978271
5;5;14;rhino;VR;without;VR;1;3.408691
5;5;15;zebra;PC;without;PC;0.1858421;5.265137
5;5;16;pelikan;PC;without;PC;0.8138403;4.819092
5;5;17;turtle;PC;without;PC;0;6.463623
5;5;18;bear;VR;without;VR;1;3.387451
5;5;19;gorilla;PC;without;VR;0.1889665;6.164063
5;5;20;hyena;PC;without;PC;0.117106;6.208008
5;5;21;kangaroo;VR;without;VR;1;3.198486
5;5;22;elk;VR;without;PC;0.8232133;3.621338
5;5;23;bouquet;PC;without;PC;0.3951747;6.118652
5;5;24;hippo;VR;without;VR;1;3.329834
5;5;25;sheep;VR;without;VR;1;4.198242
5;5;26;crocodile;PC;without;PC;1;3.312012
5;5;27;goat;VR;without;VR;1;4.131592
5;5;28;wolf;VR;without;PC;0.1452253;5.785156
5;5;29;bison;VR;without;VR;1;4.40918
