17;5;0;gorilla;PC;without;PC;1;4.702637
17;5;1;bison;PC;without;VR;0.5;8.773926
17;5;2;elk;PC;without;PC;0.1447852;13.54907
17;5;3;tiger;VR;with;VR;0.7553881;4.25415
17;5;4;donkey;VR;with;VR;0.838074;5.463623
17;5;5;crocodile;VR;with;VR;0.2974359;6.352539
17;5;6;octopus;VR;with;VR;1;3.365234
17;5;7;rhino;PC;without;PC;1;6.496094
17;5;8;owl;PC;without;PC;0.8857772;8.708008
17;5;9;horse;PC;without;PC;1;3.931885
17;5;10;zebra;VR;with;PC;0.06527968;8.906738
17;5;11;panda;PC;without;VR;0.3960228;5.14209
17;5;12;kangaroo;VR;with;VR;0.7553881;5.086426
17;5;13;cow;PC;without;PC;0.5;6.963379
17;5;14;bear;VR;with;VR;0.5;3.987061
17;5;15;pig;VR;with;VR;0.7903707;4.164795
17;5;16;goat;VR;with;VR;0.9334808;3.719727
17;5;17;leopard;VR;with;VR;0.9589224;3.054932
17;5;18;turtle;PC;without;PC;0.809452;4.897705
17;5;19;hyena;VR;with;VR;0.5;4.742188
17;5;20;snake;PC;without;PC;0.8698763;6.129883
17;5;21;icebear;PC;without;PC;1;3.376709
17;5;22;elephant;VR;with;VR;0.1416049;5.708496
17;5;23;hippo;PC;without;PC;0.9843641;8.162109
17;5;24;bouquet;PC;without;PC;1;3.643799
17;5;25;eagle;PC;without;VR;0.09708195;9.447754
17;5;26;sheep;VR;with;VR;0.5;4.231934
17;5;27;wolf;VR;with;VR;0.7204055;3.556641
17;5;28;pelikan;PC;without;PC;0.2020291;5.919434
17;5;29;giraffe;VR;with;VR;0.9621025;3.432129
