18;1;0;turtle;VR;with;VR;1;6.777527
18;1;1;eagle;VR;with;VR;0.728976;8.528442
18;1;2;icebear;Real;without;Real;0.6367497;14.57123
18;1;3;elephant;VR;with;VR;0.8434641;6.130432
18;1;4;kangaroo;Real;without;Real;1;3.487732
18;1;5;horse;Real;without;Real;1;3.420898
18;1;6;giraffe;VR;with;VR;1;4.386902
18;1;7;sheep;Real;without;Real;1;3.731506
18;1;8;crocodile;Real;without;VR;1;4.908203
18;1;9;bison;Real;without;VR;0.5699649;12.89478
18;1;10;elk;VR;with;Real;0.7639585;5.664612
18;1;11;zebra;VR;with;VR;0.7957608;4.619629
18;1;12;bear;Real;without;Real;0.6621914;5.774292
18;1;13;wolf;VR;with;VR;0.7894005;5.741699
18;1;14;pig;Real;without;Real;0.6590114;16.15997
18;1;15;gorilla;Real;without;Real;0.6621917;5.752075
18;1;16;bouquet;Real;without;Real;0.7639585;5.330994
18;1;17;octopus;VR;with;Real;0.7353366;6.81897
18;1;18;cow;VR;with;Real;0.7703192;7.519775
18;1;19;goat;VR;with;VR;0.6399301;4.97522
18;1;20;donkey;Real;without;VR;0.7226156;4.363831
18;1;21;hippo;VR;with;VR;0.8021212;5.453125
18;1;22;snake;Real;without;Real;0.7734992;7.574402
18;1;23;hyena;VR;with;VR;0.8148421;7.341614
18;1;24;owl;VR;with;Real;0.8021212;6.208435
18;1;25;panda;Real;without;Real;0.8307431;4.608032
18;1;26;pelikan;Real;without;Real;1;4.19812
18;1;27;leopard;VR;with;Real;0.7392218;9.09668
18;1;28;tiger;VR;with;Real;1;5.518982
18;1;29;rhino;Real;without;Real;0.8243831;4.719849
