9;5;0;horse;VR;with;Real;0.2592733;7.845703
9;5;1;tiger;Real;without;Real;0.6281793;10.39453
9;5;2;turtle;VR;with;VR;0.9907247;4.65332
9;5;3;hyena;Real;without;Real;0.7140452;4.353516
9;5;4;octopus;VR;with;VR;0.256093;11.36133
9;5;5;rhino;Real;without;Real;0.2974359;6.208252
9;5;6;eagle;VR;with;VR;0.5;8.518555
9;5;7;kangaroo;Real;without;Real;0.6027374;6.49707
9;5;8;leopard;VR;with;Real;0.6822429;6.374512
9;5;9;owl;VR;with;VR;0.5;4.109375
9;5;10;giraffe;Real;without;Real;0.3006163;8.084961
9;5;11;pelikan;VR;with;VR;0.656801;4.79834
9;5;12;panda;Real;without;Real;0.5;6.174805
9;5;13;sheep;Real;without;Real;0.2751743;6.130127
9;5;14;bison;VR;with;Real;0.7331265;4.997803
9;5;15;pig;VR;with;Real;0.06209937;7.951904
9;5;16;gorilla;VR;with;Real;0.7045045;4.609619
9;5;17;icebear;Real;without;VR;0.3133369;10.83691
9;5;18;wolf;Real;without;Real;0.7585682;3.733398
9;5;19;elk;Real;without;Real;0.2974359;6.441406
9;5;20;cow;VR;with;VR;0.1543259;6.563721
9;5;21;snake;VR;with;VR;0.7617485;7.240967
9;5;22;hippo;Real;without;Real;0.5931967;5.64209
9;5;23;zebra;VR;with;VR;0.2592733;13.5271
9;5;24;goat;VR;with;VR;0.2370117;6.54126
9;5;25;bear;Real;without;Real;0.2878953;11.3623
9;5;26;elephant;VR;with;VR;0.7967311;7.030518
9;5;27;bouquet;Real;without;Real;0.2592733;6.618652
9;5;28;donkey;Real;without;Real;0.2942556;12.28247
9;5;29;crocodile;Real;without;Real;0.8285334;4.520996
