13;5;0;gorilla;VR;with;VR;0.3733043;7.879395
13;5;1;hippo;PC;without;VR;0.6732435;4.575195
13;5;2;rhino;VR;with;VR;0.5;2.798828
13;5;3;cow;PC;without;VR;0.5;5.76416
13;5;4;snake;VR;with;VR;0.5;7.351074
13;5;5;pelikan;PC;without;VR;0.5;6.519531
13;5;6;turtle;PC;without;PC;1;4.243164
13;5;7;crocodile;VR;with;VR;0.337533;6.963379
13;5;8;octopus;PC;without;PC;1;3.331787
13;5;9;elephant;VR;with;VR;0.3125378;7.895752
13;5;10;zebra;VR;with;VR;0.003225337;8.418213
13;5;11;goat;PC;without;VR;0.1594438;12.09546
13;5;12;bouquet;PC;without;VR;0.1781901;9.517334
13;5;13;wolf;VR;with;VR;0.6156017;7.71875
13;5;14;pig;PC;without;VR;0.2375531;5.908447
13;5;15;eagle;VR;with;VR;1;5.075439
13;5;16;horse;PC;without;PC;1;6.208252
13;5;17;owl;VR;with;VR;1;3.598145
13;5;18;bear;PC;without;VR;0.5;3.998291
13;5;19;hyena;VR;with;VR;0.1500705;6.641357
13;5;20;donkey;PC;without;VR;0.05633954;6.541504
13;5;21;bison;PC;without;VR;0.03134465;17.96753
13;5;22;icebear;VR;with;VR;0.9998991;5.032715
13;5;23;giraffe;PC;without;PC;0.2438017;5.875
13;5;24;kangaroo;VR;with;PC;0.1531949;7.430176
13;5;25;tiger;VR;with;VR;0.1063296;3.642578
13;5;26;panda;PC;without;VR;0.5;5.353271
13;5;27;sheep;VR;with;VR;0.07508584;11.20581
13;5;28;elk;PC;without;PC;0.04696653;9.006836
13;5;29;leopard;VR;with;VR;0;7.685303
