15;1;0;rhino;Real;without;Real;1;12.55182
15;1;1;horse;PC;without;PC;0.2296811;25.08771
15;1;2;cow;Real;without;Real;0.728976;7.085632
15;1;3;pelikan;Real;without;Real;0.3632503;19.23547
15;1;4;owl;PC;without;PC;1;4.9646
15;1;5;crocodile;PC;without;Real;0.2742044;15.10394
15;1;6;wolf;Real;without;Real;0.7575979;8.274048
15;1;7;sheep;Real;without;Real;1;5.064331
15;1;8;octopus;Real;without;Real;1;5.408813
15;1;9;pig;Real;without;Real;1;4.120972
15;1;10;bison;PC;without;PC;1;5.219055
15;1;11;donkey;PC;without;PC;0.6780927;6.396912
15;1;12;zebra;PC;without;PC;0.5;8.55249
15;1;13;hyena;PC;without;PC;1;5.806091
15;1;14;giraffe;PC;without;PC;1;4.511536
15;1;15;snake;Real;without;Real;1;5.852783
15;1;16;kangaroo;Real;without;Real;1;5.54126
15;1;17;tiger;Real;without;Real;1;5.652649
15;1;18;elk;PC;without;PC;1;5.53186
15;1;19;bear;PC;without;PC;0.3727909;10.14984
15;1;20;turtle;PC;without;PC;1;5.69751
15;1;21;panda;Real;without;Real;1;6.330383
15;1;22;gorilla;PC;without;PC;0.7257959;10.61737
15;1;23;leopard;Real;without;Real;1;5.219788
15;1;24;icebear;PC;without;PC;0.7448772;5.353027
15;1;25;elephant;Real;without;Real;1;4.620117
15;1;26;goat;Real;without;Real;1;4.887512
15;1;27;hippo;PC;without;PC;1;5.464233
15;1;28;bouquet;PC;without;PC;1;8.262024
15;1;29;eagle;Real;without;Real;1;6.696777
