18;6;0;turtle;VR;without;VR;0.671732;10.59204
18;6;1;horse;Real;with;VR;0.671732;8.063965
18;6;2;giraffe;Real;with;Real;1;5.396484
18;6;3;snake;VR;without;VR;0.3505296;9.528931
18;6;4;leopard;VR;without;Real;1;9.384644
18;6;5;owl;Real;with;Real;1;4.575439
18;6;6;pelikan;Real;with;Real;1;4.820068
18;6;7;hippo;Real;with;Real;1;3.999023
18;6;8;goat;Real;with;Real;1;3.920532
18;6;9;elephant;Real;with;Real;0.7353366;11.30566
18;6;10;elk;VR;without;VR;0.9961148;4.419434
18;6;11;panda;Real;with;VR;0.4109535;8.862183
18;6;12;zebra;VR;without;Real;0.4204945;11.22839
18;6;13;bear;Real;with;Real;0.3950525;6.831055
18;6;14;bison;VR;without;VR;0.713075;7.6073
18;6;15;eagle;VR;without;VR;0.684453;4.964844
18;6;16;wolf;VR;without;VR;0.7862201;7.574219
18;6;17;gorilla;Real;with;VR;0.4014132;24.1322
18;6;18;icebear;Real;with;VR;0.344169;10.66309
18;6;19;rhino;VR;without;VR;0.8498247;3.253662
18;6;20;kangaroo;Real;with;Real;1;5.053467
18;6;21;cow;VR;without;VR;0.4045935;13.51514
18;6;22;octopus;Real;with;Real;1;4.35376
18;6;23;sheep;VR;without;VR;0.3886922;10.3291
18;6;24;crocodile;VR;without;VR;0.7607782;3.476074
18;6;25;donkey;VR;without;VR;0.7257959;3.386475
18;6;26;hyena;VR;without;Real;0.6876333;3.188477
18;6;27;pig;Real;with;VR;0.3505293;4.286865
18;6;28;bouquet;Real;with;Real;1;3.931641
18;6;29;tiger;VR;without;VR;0.3282677;3.875732
