8;5;0;owl;VR;without;VR;0.7045045;4.380005
8;5;1;snake;PC;with;PC;1;3.076294
8;5;2;bouquet;VR;without;VR;1;5.018555
8;5;3;gorilla;PC;with;VR;1;6.02124
8;5;4;elk;VR;without;PC;0.2242907;4.75293
8;5;5;zebra;VR;without;PC;0.1893084;7.874268
8;5;6;eagle;VR;without;VR;0.8953179;3.652832
8;5;7;hippo;PC;with;PC;1;3.743896
8;5;8;donkey;PC;with;PC;0.1924885;8.029175
8;5;9;giraffe;PC;with;VR;0.1924885;4.298218
8;5;10;elephant;PC;with;VR;1;4.930908
8;5;11;tiger;PC;with;VR;0.8285334;3.509766
8;5;12;bear;PC;with;PC;0.1670468;6.085815
8;5;13;wolf;VR;without;PC;0.6504407;4.13147
8;5;14;kangaroo;PC;with;PC;1;4.031494
8;5;15;hyena;PC;with;PC;0.2529127;4.053589
8;5;16;octopus;VR;without;VR;1;3.176392
8;5;17;sheep;VR;without;VR;1;2.265625
8;5;18;rhino;VR;without;VR;1;2.609863
8;5;19;turtle;PC;with;VR;0.7871904;5.14209
8;5;20;pig;VR;without;VR;1;3.031982
8;5;21;bison;PC;with;PC;0.9462014;5.08667
8;5;22;crocodile;VR;without;VR;1;3.453857
8;5;23;pelikan;VR;without;VR;1;3.13269
8;5;24;panda;VR;without;VR;0.0143961;5.407837
8;5;25;goat;PC;with;VR;0.2497327;4.608887
8;5;26;cow;VR;without;VR;1;3.687134
8;5;27;horse;VR;without;PC;0.1352446;7.062622
8;5;28;leopard;PC;with;PC;0.809452;3.210449
8;5;29;icebear;PC;with;VR;0.2274711;4.431274
