2;4;0;tiger;VR;with;VR;0.5;12.71436
2;4;1;turtle;VR;with;VR;1;3.542725
2;4;2;donkey;PC;without;PC;1;2.85437
2;4;3;elk;PC;without;PC;1;2.865234
2;4;4;crocodile;PC;without;VR;0.1352446;9.228149
2;4;5;icebear;VR;with;VR;1;3.776978
2;4;6;leopard;PC;without;PC;0.1829478;13.40479
2;4;7;kangaroo;VR;with;VR;1;4.9646
2;4;8;elephant;PC;without;VR;0.8571553;6.541382
2;4;9;snake;PC;without;PC;0.5;4.131226
2;4;10;eagle;VR;with;PC;0.5;17.75879
2;4;11;panda;PC;without;PC;0.5;2.920898
2;4;12;pig;VR;with;VR;0.5;4.241821
2;4;13;zebra;PC;without;PC;0.5;4.85376
2;4;14;hyena;PC;without;PC;0.9048585;3.953613
2;4;15;giraffe;VR;with;VR;1;2.998779
2;4;16;octopus;VR;with;VR;1;4.908813
2;4;17;bison;PC;without;PC;0.9652828;2.898804
2;4;18;cow;VR;with;PC;0.3196976;5.175293
2;4;19;goat;PC;without;PC;0.8825969;4.175903
2;4;20;wolf;VR;with;VR;1;3.17395
2;4;21;bouquet;PC;without;PC;0.7871904;4.755737
2;4;22;pelikan;VR;with;VR;0.5;5.663452
2;4;23;hippo;PC;without;VR;0.5;6.04126
2;4;24;gorilla;PC;without;PC;1;2.977295
2;4;25;horse;VR;with;VR;1;3.042969
2;4;26;bear;VR;with;PC;0.5;6.208252
2;4;27;owl;PC;without;PC;0.5;3.18689
2;4;28;rhino;VR;with;VR;0.7394869;6.230957
2;4;29;sheep;VR;with;VR;0.5;4.697998
