8;4;0;snake;PC;with;PC;1;3.081055
8;4;1;elk;PC;with;Real;0.612278;6.741455
8;4;2;rhino;Real;with;Real;1;3.298218
8;4;3;tiger;PC;with;PC;1;3.365112
8;4;4;donkey;PC;with;PC;1;4.020386
8;4;5;goat;Real;with;Real;0.9716434;3.309692
8;4;6;panda;PC;with;PC;0.9652828;3.398315
8;4;7;elephant;Real;with;Real;1;3.443237
8;4;8;kangaroo;PC;with;PC;1;5.396484
8;4;9;cow;Real;with;Real;1;5.398193
8;4;10;icebear;Real;with;Real;1;4.042725
8;4;11;hyena;Real;with;Real;1;2.286865
8;4;12;zebra;Real;with;Real;1;2.866211
8;4;13;pelikan;PC;with;PC;1;4.275757
8;4;14;turtle;Real;with;Real;1;2.909668
8;4;15;giraffe;PC;with;PC;1;3.863892
8;4;16;bear;PC;with;PC;0.5;4.90979
8;4;17;pig;PC;with;PC;0.6822429;4.908936
8;4;18;sheep;PC;with;Real;0.7649288;7.262573
8;4;19;eagle;PC;with;PC;1;4.376465
8;4;20;horse;Real;with;Real;1;3.098633
8;4;21;owl;PC;with;PC;1;4.564697
8;4;22;crocodile;Real;with;Real;0.9780037;3.264893
8;4;23;leopard;Real;with;PC;0.1161633;5.175293
8;4;24;octopus;Real;with;Real;1;2.410156
8;4;25;bison;PC;with;PC;0.3165173;3.398682
8;4;26;wolf;Real;with;Real;1;4.275513
8;4;27;hippo;PC;with;PC;0.8857772;3.220581
8;4;28;gorilla;Real;with;Real;0.8953179;4.875732
8;4;29;bouquet;Real;with;Real;0.993905;2.954102
