18;3;0;goat;Real;with;Real;0.6017672;6.127625
18;3;1;wolf;PC;with;PC;0.5636045;20.0249
18;3;2;hyena;Real;with;Real;0.4077735;7.973389
18;3;3;gorilla;Real;with;Real;0.7480575;5.62085
18;3;4;bouquet;PC;with;PC;0.4427561;8.727295
18;3;5;rhino;PC;with;PC;0.4077732;8.552368
18;3;6;giraffe;PC;with;PC;0.6876333;6.108337
18;3;7;horse;Real;with;Real;0.6876333;5.019836
18;3;8;zebra;Real;with;Real;0.7353366;5.531677
18;3;9;tiger;Real;with;Real;0.36007;8.384094
18;3;10;elk;Real;with;PC;0.6780924;4.487122
18;3;11;octopus;PC;with;PC;0.7894005;3.187927
18;3;12;pig;Real;with;Real;0.7098947;6.696899
18;3;13;hippo;Real;with;Real;1;5.775024
18;3;14;panda;PC;with;PC;1;4.685974
18;3;15;sheep;PC;with;PC;0.3632506;5.209534
18;3;16;cow;Real;with;Real;0.8212028;4.785889
18;3;17;elephant;Real;with;Real;0.2964657;6.875488
18;3;18;snake;PC;with;PC;0.7544179;3.931519
18;3;19;eagle;Real;with;Real;0.3886922;6.396179
18;3;20;owl;Real;with;Real;0.9674928;5.098816
18;3;21;bear;PC;with;PC;0.4014129;7.66272
18;3;22;leopard;Real;with;PC;0.4268548;8.240662
18;3;23;pelikan;Real;with;Real;1;4.253723
18;3;24;crocodile;PC;with;PC;0.3791516;4.641418
18;3;25;bison;PC;with;PC;0.7575982;5.287354
18;3;26;icebear;PC;with;PC;1;3.419678
18;3;27;turtle;PC;with;PC;0.299646;5.298401
18;3;28;donkey;PC;with;PC;0.3727912;4.78656
18;3;29;kangaroo;PC;with;PC;0.6790626;6.096497
