12;5;0;hippo;VR;without;VR;0.7595616;5.17749
12;5;1;rhino;VR;without;VR;0.7535253;4.012207
12;5;2;bison;VR;without;VR;0.2344021;3.043091
12;5;3;icebear;Real;with;Real;1;9.417847
12;5;4;elephant;VR;without;VR;0.2585472;4.164673
12;5;5;crocodile;VR;without;VR;0.9024791;6.563843
12;5;6;tiger;Real;with;VR;0.997996;4.120361
12;5;7;bouquet;Real;with;Real;1;2.720581
12;5;8;panda;VR;without;VR;0.8863245;3.642944
12;5;9;elk;VR;without;VR;1;3.487183
12;5;10;octopus;Real;with;Real;1;2.46582
12;5;11;cow;Real;with;Real;1;3.053955
12;5;12;zebra;Real;with;Real;1;4.031372
12;5;13;pig;Real;with;Real;1;3.312988
12;5;14;kangaroo;Real;with;Real;1;3.283203
12;5;15;snake;VR;without;VR;0.1287667;5.786987
12;5;16;owl;Real;with;Real;1;4.575928
12;5;17;leopard;Real;with;Real;1;2.39856
12;5;18;donkey;Real;with;Real;0.8923605;5.353638
12;5;19;sheep;VR;without;VR;0.1046213;6.851929
12;5;20;pelikan;VR;without;VR;0.08047564;4.420166
12;5;21;gorilla;VR;without;VR;0.06644943;4.141846
12;5;22;wolf;VR;without;VR;0.09663085;3.487915
12;5;23;eagle;Real;with;Real;0.883306;5.608521
12;5;24;giraffe;Real;with;Real;1;4.697754
12;5;25;goat;VR;without;VR;0.1207762;5.152466
12;5;26;turtle;VR;without;VR;1;2.755249
12;5;27;horse;VR;without;VR;0;6.830078
12;5;28;hyena;Real;with;VR;1;4.786621
12;5;29;bear;Real;with;VR;0.2173571;3.331787
