15;2;0;leopard;PC;without;PC;0.5;16.16229
15;2;1;bear;Real;with;Real;1;6.196106
15;2;2;eagle;PC;without;Real;0;20.99048
15;2;3;cow;PC;without;PC;0;13.9054
15;2;4;snake;Real;with;Real;1;6.985962
15;2;5;pig;PC;without;PC;1;4.642761
15;2;6;elephant;PC;without;PC;1;3.964233
15;2;7;crocodile;Real;with;Real;0.7925805;6.062988
15;2;8;zebra;Real;with;Real;0.2646634;8.929199
15;2;9;turtle;Real;with;Real;0.7385169;7.574829
15;2;10;tiger;PC;without;PC;0;18.03564
15;2;11;hyena;Real;with;Real;0.7703192;6.21936
15;2;12;rhino;PC;without;PC;0.2519428;12.20557
15;2;13;goat;PC;without;PC;0.7894005;7.240967
15;2;14;gorilla;PC;without;PC;0.7989411;6.450317
15;2;15;donkey;PC;without;PC;0.2265008;8.076538
15;2;16;horse;Real;with;Real;1;4.997559
15;2;17;giraffe;Real;with;Real;0.5858662;16.54773
15;2;18;hippo;Real;with;Real;0.5;5.565186
15;2;19;icebear;Real;with;PC;0;14.3147
15;2;20;panda;PC;without;PC;0.5;13.63806
15;2;21;elk;Real;with;Real;0.5731449;14.61682
15;2;22;pelikan;PC;without;PC;0.1533556;13.53699
15;2;23;kangaroo;PC;without;PC;0.1851582;18.04724
15;2;24;bouquet;Real;with;Real;0.1628966;17.01453
15;2;25;sheep;Real;with;Real;1;5.697998
15;2;26;owl;Real;with;PC;0.5;6.494629
15;2;27;bison;Real;with;Real;0.709895;7.920044
15;2;28;wolf;PC;without;PC;0.7639585;7.352295
15;2;29;octopus;PC;without;PC;0.713075;11.30603
