6;1;0;crocodile;VR;without;VR;1;9.944641
6;1;1;pelikan;VR;without;VR;1;6.585876
6;1;2;octopus;VR;without;VR;0.6749647;9.26239
6;1;3;donkey;PC;with;PC;0.8186855;6.286133
6;1;4;horse;VR;without;PC;0.8249344;11.62762
6;1;5;bear;PC;with;VR;0.7936906;7.052307
6;1;6;wolf;VR;without;VR;0.6812133;14.62659
6;1;7;eagle;PC;with;PC;1;7.918457
6;1;8;sheep;PC;with;PC;0.2702;25.2774
6;1;9;panda;VR;without;PC;0.7825965;5.986328
6;1;10;snake;VR;without;PC;1;6.207886
6;1;11;pig;VR;without;VR;0.6107562;9.695496
6;1;12;rhino;VR;without;VR;1;4.098145
6;1;13;leopard;VR;without;VR;1;4.942261
6;1;14;elk;PC;with;PC;0.6170048;12.84979
6;1;15;kangaroo;VR;without;VR;0.6232536;7.829468
6;1;16;zebra;PC;with;PC;0.7857207;5.664063
6;1;17;bison;PC;with;VR;1;4.775513
6;1;18;tiger;PC;with;VR;0.6718403;19.04614
6;1;19;elephant;PC;with;VR;1;19.45862
6;1;20;cow;VR;without;VR;0.6607463;6.663147
6;1;21;bouquet;VR;without;VR;1;5.853149
6;1;22;hippo;PC;with;VR;1;5.508301
6;1;23;hyena;PC;with;PC;1;8.518555
6;1;24;gorilla;PC;with;VR;0.8482082;6.26355
6;1;25;turtle;VR;without;VR;1;3.953735
6;1;26;icebear;VR;without;PC;0.6013832;6.064087
6;1;27;goat;PC;with;VR;0.6107562;10.39514
6;1;28;giraffe;PC;with;VR;0.6263781;7.374146
6;1;29;owl;PC;with;PC;1;4.453491
