4;6;0;donkey;PC;without;VR;0.2219313;6.29126
4;6;1;pelikan;VR;without;VR;0.271921;5.963867
4;6;2;kangaroo;PC;without;VR;0.09383215;3.677002
4;6;3;octopus;VR;without;VR;1;5.664063
4;6;4;crocodile;VR;without;VR;0.8263378;3.542236
4;6;5;snake;PC;without;VR;0.6701193;3.47583
4;6;6;tiger;PC;without;VR;0.8138403;3.654785
4;6;7;elk;PC;without;PC;1;3.731689
4;6;8;eagle;PC;without;PC;1;3.775391
4;6;9;icebear;PC;without;PC;0.7419798;4.03125
4;6;10;pig;PC;without;PC;0.09523526;4.476563
4;6;11;goat;VR;without;VR;0.1858421;6.39624
4;6;12;bison;PC;without;VR;0.2951949;3.932129
4;6;13;sheep;PC;without;PC;0.6951142;4.47583
4;6;14;hyena;VR;without;VR;0.2170858;4.042725
4;6;15;horse;VR;without;VR;0.5;4.197998
4;6;16;leopard;PC;without;PC;1;5.674316
4;6;17;owl;VR;without;PC;0.7732235;3.288086
4;6;18;turtle;VR;without;PC;0.7044872;3.353271
4;6;19;rhino;PC;without;PC;0.7888454;5.439209
4;6;20;zebra;PC;without;VR;0.3358116;5.222656
4;6;21;bouquet;VR;without;PC;0.126479;4.408936
4;6;22;giraffe;PC;without;VR;0;4.964355
4;6;23;elephant;VR;without;VR;0.1920909;5.986328
4;6;24;gorilla;VR;without;VR;0.2077125;5.452881
4;6;25;bear;VR;without;VR;0.5920099;5.120117
4;6;26;wolf;PC;without;VR;0.2295833;4.897461
4;6;27;cow;VR;without;VR;0.2983193;7.952148
4;6;28;hippo;VR;without;VR;0.2264588;4.120117
4;6;29;panda;VR;without;VR;0.1014841;6.507813
