9;3;0;snake;Real;with;Real;0.9493818;6.57251
9;3;1;sheep;Real;with;Real;0.6027374;4.564453
9;3;2;icebear;VR;without;VR;0.7808298;5.141357
9;3;3;zebra;Real;with;Real;0.3196976;5.430664
9;3;4;bison;Real;with;Real;0.8730566;3.710205
9;3;5;owl;Real;with;VR;0.5;3.08667
9;3;6;tiger;VR;without;VR;0.6727023;5.486328
9;3;7;donkey;VR;without;VR;0.5900164;6.830078
9;3;8;horse;VR;without;VR;0.6027374;6.074951
9;3;9;gorilla;VR;without;VR;0.5;5.875244
9;3;10;kangaroo;VR;without;VR;0.9780037;4.886475
9;3;11;bouquet;VR;without;VR;0.5;3.865479
9;3;12;goat;Real;with;Real;0.666342;3.684814
9;3;13;elephant;VR;without;VR;0.2242907;7.542969
9;3;14;eagle;VR;without;VR;0.656801;5.052979
9;3;15;bear;Real;with;Real;0.5;4.4646
9;3;16;octopus;Real;with;Real;0.993905;3.431885
9;3;17;pig;VR;without;Real;0.7235858;4.542725
9;3;18;cow;Real;with;VR;0.5;4.786377
9;3;19;leopard;Real;with;Real;0.5;4.464355
9;3;20;hippo;Real;with;Real;0.8444343;3.987061
9;3;21;pelikan;VR;without;VR;0.624999;4.476074
9;3;22;panda;Real;with;VR;0.6599813;6.663574
9;3;23;hyena;VR;without;Real;0.6440803;5.441895
9;3;24;giraffe;Real;with;VR;0.2338314;4.69751
9;3;25;crocodile;VR;without;Real;0.3006163;10.29541
9;3;26;wolf;Real;with;Real;0.2497327;7.218994
9;3;27;turtle;VR;without;VR;0.5;6.619141
9;3;28;rhino;Real;with;Real;0.8221727;4.131348
9;3;29;elk;VR;without;VR;0.3483195;6.58667
