11;4;0;kangaroo;Real;without;Real;1;3.969971
11;4;1;owl;Real;without;Real;1;3.265137
11;4;2;cow;VR;with;VR;0.7998618;4.142456
11;4;3;icebear;Real;without;Real;1;2.931885
11;4;4;gorilla;VR;with;VR;0.8390981;3.964722
11;4;5;wolf;Real;without;Real;0.9960418;3.031128
11;4;6;pelikan;VR;with;VR;1;3.610474
11;4;7;turtle;Real;without;Real;1;2.40979
11;4;8;donkey;Real;without;Real;1;3.598267
11;4;9;snake;Real;without;Real;1;4.53125
11;4;10;crocodile;VR;with;VR;0.9175699;4.542603
11;4;11;goat;VR;with;VR;0.8572068;3.464722
11;4;12;panda;VR;with;VR;0.8330618;3.631836
11;4;13;hippo;Real;without;Real;1;2.876343
11;4;14;elk;VR;with;VR;0.8240072;3.753906
11;4;15;horse;VR;with;VR;1;3.964966
11;4;16;bear;Real;without;Real;1;3.587036
11;4;17;giraffe;VR;with;VR;0.9507695;3.653931
11;4;18;elephant;VR;with;VR;1;3.376221
11;4;19;bison;Real;without;Real;1;2.443237
11;4;20;sheep;VR;with;VR;0.9115336;3.176636
11;4;21;hyena;Real;without;Real;1;2.953857
11;4;22;eagle;Real;without;Real;1;3.432251
11;4;23;zebra;Real;without;Real;1;3.265137
11;4;24;rhino;VR;with;VR;0.5735002;5.817627
11;4;25;leopard;Real;without;Real;1;2.389282
11;4;26;bouquet;VR;with;VR;1;3.154175
11;4;27;pig;VR;with;VR;0.6308448;5.497437
11;4;28;tiger;Real;without;Real;1;3.598389
11;4;29;octopus;VR;with;VR;1;2.664551
