16;1;0;icebear;Real;with;Real;0.5;6.411743
16;1;1;sheep;VR;with;VR;0.6081275;14.56009
16;1;2;bison;Real;with;Real;1;5.764069
16;1;3;pelikan;VR;with;Real;0.2052094;17.25998
16;1;4;leopard;Real;with;Real;0.8285334;5.696716
16;1;5;elk;VR;with;VR;1;4.498138
16;1;6;owl;Real;with;Real;0.9748237;4.664612
16;1;7;giraffe;Real;with;Real;0.9780037;4.797913
16;1;8;turtle;Real;with;Real;0.7140452;5.630493
16;1;9;panda;VR;with;VR;0.9143992;4.130615
16;1;10;eagle;Real;with;Real;0.9589224;4.198853
16;1;11;snake;Real;with;Real;1;6.097137
16;1;12;horse;Real;with;Real;0.9621025;5.120728
16;1;13;pig;VR;with;VR;0.7681091;5.162598
16;1;14;donkey;Real;with;Real;0.8221727;8.54126
16;1;15;zebra;VR;with;VR;0.5836561;5.430756
16;1;16;goat;VR;with;VR;0.3546799;6.052063
16;1;17;crocodile;Real;with;Real;1;3.953674
16;1;18;wolf;VR;with;VR;0.993905;5.898193
16;1;19;bouquet;VR;with;VR;0.3928425;7.352173
16;1;20;elephant;Real;with;Real;0.993905;6.251892
16;1;21;kangaroo;VR;with;VR;0.1288839;30.12018
16;1;22;cow;VR;with;VR;0.9048585;6.186218
16;1;23;tiger;Real;with;Real;0.8348936;5.296631
16;1;24;bear;VR;with;VR;0.7299465;4.47641
16;1;25;hippo;Real;with;Real;0.8158123;4.875916
16;1;26;gorilla;VR;with;VR;0.6154584;5.340851
16;1;27;rhino;VR;with;Real;0.1575062;10.71808
16;1;28;hyena;VR;with;VR;0.8666959;4.286163
16;1;29;octopus;Real;with;Real;1;5.064301
