6;5;0;leopard;VR;with;Real;1;6.545166
6;5;1;icebear;Real;without;VR;0.2358318;5.619385
6;5;2;bouquet;Real;without;Real;0.2045884;5.730713
6;5;3;gorilla;Real;without;Real;0.7638503;3.775879
6;5;4;hippo;VR;with;Real;0.7357309;5.353027
6;5;5;bear;Real;without;Real;0.6607463;3.909424
6;5;6;sheep;Real;without;VR;0.6982386;2.731934
6;5;7;pelikan;VR;with;VR;0.3982992;9.495605
6;5;8;eagle;VR;with;VR;0.345185;8.363037
6;5;9;goat;Real;without;Real;0.6357511;4.63208
6;5;10;elk;VR;with;VR;0.6669949;10.23877
6;5;11;kangaroo;Real;without;Real;0.6888653;6.052734
6;5;12;giraffe;Real;without;Real;1;3.431641
6;5;13;zebra;Real;without;VR;0.6857412;10.13989
6;5;14;turtle;VR;with;Real;0.5795125;6.885742
6;5;15;pig;VR;with;VR;1;4.286865
6;5;16;owl;Real;without;VR;0.2420807;3.653564
6;5;17;snake;VR;with;VR;1;8.418457
6;5;18;rhino;VR;with;VR;0.6919897;5.908447
6;5;19;bison;Real;without;VR;0.2733245;6.463623
6;5;20;elephant;VR;with;VR;0.3076923;8.196289
6;5;21;cow;VR;with;VR;0.6919897;7.562988
6;5;22;wolf;VR;with;Real;0.2920707;5.619873
6;5;23;crocodile;VR;with;VR;0.6826167;8.740479
6;5;24;horse;VR;with;Real;0.5;6.030273
6;5;25;hyena;VR;with;VR;0.3076923;4.975586
6;5;26;donkey;Real;without;Real;0.9075713;8.462891
6;5;27;panda;Real;without;VR;0.2889463;3.487305
6;5;28;tiger;Real;without;Real;0.9981781;4.197998
6;5;29;octopus;Real;without;Real;0.1827176;9.317871
