10;3;0;donkey;VR;with;VR;1;5.780396
10;3;1;giraffe;PC;without;PC;1;8.008301
10;3;2;leopard;VR;with;PC;0.7595618;4.930176
10;3;3;eagle;PC;without;PC;1;3.109558
10;3;4;hippo;PC;without;PC;1;5.719849
10;3;5;tiger;VR;with;PC;0.7867248;5.130737
10;3;6;hyena;PC;without;PC;1;5.497437
10;3;7;zebra;VR;with;VR;1;3.109619
10;3;8;goat;PC;without;PC;1;6.774719
10;3;9;elephant;VR;with;VR;0.5;8.439148
10;3;10;bison;PC;without;PC;1;4.121704
10;3;11;cow;VR;with;VR;1;2.965332
10;3;12;snake;PC;without;PC;1;3.998535
10;3;13;owl;PC;without;PC;1;3.67572
10;3;14;icebear;PC;without;PC;1;3.63147
10;3;15;kangaroo;VR;with;VR;0.5;4.287231
10;3;16;octopus;VR;with;VR;1;4.497925
10;3;17;turtle;PC;without;PC;1;5.630432
10;3;18;rhino;PC;without;PC;0.5;4.66449
10;3;19;panda;VR;with;PC;1;3.776611
10;3;20;elk;PC;without;PC;1;3.520142
10;3;21;crocodile;PC;without;PC;1;2.854187
10;3;22;pig;VR;with;PC;1;4.30957
10;3;23;sheep;VR;with;VR;0.5;1.97644
10;3;24;wolf;PC;without;PC;0.5;3.93158
10;3;25;bouquet;VR;with;VR;0.5;6.730103
10;3;26;pelikan;VR;with;PC;1;4.042786
10;3;27;gorilla;PC;without;PC;1;4.608826
10;3;28;horse;VR;with;PC;0.5;4.640991
10;3;29;bear;VR;with;PC;1;3.077637
