2;3;0;giraffe;Real;without;Real;0.7808298;9.055908
2;3;1;elephant;VR;without;VR;0.9875444;3.69812
2;3;2;eagle;VR;without;VR;1;4.031616
2;3;3;sheep;VR;without;VR;1;4.142456
2;3;4;hyena;Real;without;Real;0.5;5.986206
2;3;5;goat;Real;without;Real;1;2.932007
2;3;6;gorilla;Real;without;Real;0.9907247;3.209595
2;3;7;panda;Real;without;Real;1;3.164307
2;3;8;turtle;VR;without;VR;0.284715;13.80481
2;3;9;octopus;VR;without;VR;1;3.521362
2;3;10;zebra;Real;without;Real;0.3196976;7.37439
2;3;11;snake;Real;without;VR;0.5;10.46106
2;3;12;bouquet;Real;without;Real;0.5;8.995728
2;3;13;horse;Real;without;Real;1;3.232788
2;3;14;crocodile;Real;without;Real;1;3.598389
2;3;15;wolf;VR;without;VR;0.1098026;8.562622
2;3;16;leopard;VR;without;VR;0.1066226;16.35913
2;3;17;pig;Real;without;Real;1;3.509644
2;3;18;rhino;VR;without;Real;1;3.342896
2;3;19;icebear;VR;without;VR;1;3.020874
2;3;20;pelikan;Real;without;Real;0.9843641;3.231934
2;3;21;hippo;VR;without;Real;0.2751743;10.19519
2;3;22;bear;VR;without;VR;1;3.309326
2;3;23;elk;VR;without;VR;0.7840101;11.53906
2;3;24;bison;VR;without;Real;0.3037963;7.297241
2;3;25;cow;VR;without;VR;0.5;6.041138
2;3;26;owl;VR;without;VR;1;3.054565
2;3;27;donkey;Real;without;VR;0.0493784;22.42273
2;3;28;tiger;Real;without;Real;0.5;6.641479
2;3;29;kangaroo;Real;without;VR;0.8444343;3.2323
