2;5;0;wolf;Real;with;Real;0.9811841;4.206543
2;5;1;pelikan;Real;with;Real;1;3.421265
2;5;2;gorilla;Real;with;Real;0.9907247;4.230591
2;5;3;bear;VR;with;VR;1;2.776489
2;5;4;rhino;Real;with;Real;1;3.820435
2;5;5;eagle;VR;with;VR;1;3.054443
2;5;6;snake;Real;with;Real;1;2.964966
2;5;7;sheep;VR;with;VR;1;4.564575
2;5;8;bison;VR;with;VR;1;2.720947
2;5;9;goat;VR;with;VR;1;2.721191
2;5;10;kangaroo;Real;with;Real;1;4.541992
2;5;11;horse;Real;with;Real;1;2.432251
2;5;12;turtle;Real;with;Real;0.997085;3.120728
2;5;13;elk;VR;with;VR;1;3.076416
2;5;14;bouquet;VR;with;VR;1;4.198242
2;5;15;icebear;VR;with;VR;0.993905;2.887451
2;5;16;zebra;Real;with;Real;1;4.187012
2;5;17;giraffe;VR;with;VR;1;3.24292
2;5;18;pig;Real;with;Real;0.9907247;3.643066
2;5;19;leopard;Real;with;Real;1;6.230225
2;5;20;owl;VR;with;VR;1;2.887451
2;5;21;donkey;VR;with;VR;1;2.721191
2;5;22;elephant;Real;with;Real;0.9811841;4.164795
2;5;23;hippo;Real;with;Real;1;2.531982
2;5;24;octopus;VR;with;VR;0.9843641;2.276855
2;5;25;crocodile;VR;with;VR;1;3.431396
2;5;26;hyena;VR;with;VR;1;3.343018
2;5;27;tiger;VR;with;VR;0.5;5.952881
2;5;28;cow;Real;with;Real;1;3.209717
2;5;29;panda;Real;with;Real;1;2.98584
