3;5;0;elk;PC;with;PC;0.9669343;3.918457
3;5;1;leopard;PC;with;PC;0.5;3.44165
3;5;2;gorilla;Real;with;Real;1;8.208496
3;5;3;goat;Real;with;Real;0.9200687;5.696533
3;5;4;tiger;PC;with;PC;1;4.609863
3;5;5;giraffe;Real;with;Real;0.8107159;3.508545
3;5;6;panda;PC;with;Real;0.8263378;4.920166
3;5;7;rhino;Real;with;Real;0.9200687;3.476807
3;5;8;snake;Real;with;Real;0.9106957;3.321289
3;5;9;bouquet;PC;with;PC;0.5;3.596924
3;5;10;owl;Real;with;PC;1;4.085938
3;5;11;bison;PC;with;PC;1;2.755371
3;5;12;kangaroo;Real;with;Real;0.2452051;5.553223
3;5;13;donkey;Real;with;Real;0.5;5.975586
3;5;14;eagle;PC;with;PC;0.5;3.497803
3;5;15;cow;PC;with;Real;0.5;2.79834
3;5;16;elephant;PC;with;PC;0.5;4.698486
3;5;17;sheep;PC;with;PC;0;4.99707
3;5;18;hyena;Real;with;Real;0.7888454;3.121582
3;5;19;turtle;PC;with;PC;0.9606854;3.075684
3;5;20;pelikan;PC;with;Real;0.7888454;3.787354
3;5;21;hippo;PC;with;PC;0.1702202;5.131592
3;5;22;pig;Real;with;Real;0.1421009;4.530518
3;5;23;zebra;Real;with;Real;0.7294821;2.820801
3;5;24;wolf;Real;with;Real;0.5;2.477295
3;5;25;horse;Real;with;Real;0.5;2.121094
3;5;26;icebear;PC;with;Real;0.1889665;5.319336
3;5;27;bear;Real;with;Real;0.6701193;4.131348
3;5;28;octopus;Real;with;Real;0.8232133;3.487549
3;5;29;crocodile;PC;with;PC;1;3.575928
