7;2;0;hippo;Real;with;Real;1;5.347412
7;2;1;horse;Real;with;Real;1;4.731201
7;2;2;elephant;Real;with;Real;1;3.820435
7;2;3;bouquet;Real;with;Real;1;4.297974
7;2;4;crocodile;PC;without;PC;1;4.598022
7;2;5;bear;Real;with;Real;1;4.531128
7;2;6;leopard;Real;with;Real;0.5;6.263794
7;2;7;turtle;PC;without;PC;1;4.342407
7;2;8;snake;Real;with;Real;1;4.019531
7;2;9;octopus;PC;without;PC;1;4.254395
7;2;10;cow;PC;without;PC;1;4.286987
7;2;11;gorilla;PC;without;PC;1;5.652954
7;2;12;donkey;PC;without;Real;0.2233344;11.51501
7;2;13;goat;PC;without;PC;0.948188;3.71106
7;2;14;wolf;PC;without;PC;1;4.087402
7;2;15;tiger;PC;without;PC;1;3.920166
7;2;16;rhino;Real;with;Real;1;3.953979
7;2;17;elk;PC;without;PC;1;3.697144
7;2;18;giraffe;PC;without;PC;1;5.142822
7;2;19;hyena;PC;without;PC;0.5;5.708252
7;2;20;panda;Real;with;Real;1;4.065552
7;2;21;icebear;Real;with;Real;1;4.730835
7;2;22;zebra;Real;with;Real;1;3.909302
7;2;23;sheep;Real;with;Real;1;3.509277
7;2;24;bison;PC;without;PC;1;5.117798
7;2;25;pig;Real;with;Real;0.9981781;4.022583
7;2;26;kangaroo;Real;with;Real;1;3.831543
7;2;27;pelikan;Real;with;Real;1;4.16394
7;2;28;eagle;PC;without;PC;1;4.843018
7;2;29;owl;PC;without;PC;1;4.031616
