19;4;0;giraffe;PC;without;PC;0.5;7.191406
19;4;1;leopard;PC;without;VR;0.2878953;12.99341
19;4;2;kangaroo;VR;without;VR;1;3.532471
19;4;3;octopus;PC;without;PC;0.4023834;5.89624
19;4;4;goat;VR;without;VR;1;3.443604
19;4;5;rhino;VR;without;VR;0.7204055;4.686035
19;4;6;wolf;PC;without;VR;0.8348936;5.086426
19;4;7;elephant;VR;without;PC;0.3705812;6.352539
19;4;8;pig;VR;without;PC;0.3514998;8.39624
19;4;9;bison;PC;without;PC;0.8476146;4.853516
19;4;10;snake;PC;without;PC;0.3705812;8.140381
19;4;11;horse;PC;without;PC;1;6.563721
19;4;12;hyena;VR;without;PC;0.7299465;5.852783
19;4;13;donkey;VR;without;PC;0.3642205;10.04004
19;4;14;turtle;VR;without;VR;0.1511455;12.05054
19;4;15;tiger;PC;without;VR;0.997085;4.864502
19;4;16;eagle;PC;without;PC;0.3769415;11.83789
19;4;17;icebear;VR;without;VR;1;3.820557
19;4;18;pelikan;PC;without;PC;1;3.931641
19;4;19;elk;VR;without;PC;0.5;4.198975
19;4;20;sheep;VR;without;VR;1;3.586182
19;4;21;panda;PC;without;PC;1;3.409668
19;4;22;bouquet;VR;without;PC;0.2274711;9.68457
19;4;23;bear;VR;without;PC;0.7935507;3.775879
19;4;24;crocodile;PC;without;VR;0.1511455;6.463623
19;4;25;cow;VR;without;VR;1;5.097412
19;4;26;owl;VR;without;PC;0.3642205;15.90405
19;4;27;hippo;PC;without;PC;0.3546799;5.864014
19;4;28;zebra;PC;without;VR;0.7617485;5.753662
19;4;29;gorilla;PC;without;VR;0.3705812;6.175049
