2;2;0;snake;VR;without;VR;1;5.117798
2;2;1;owl;Real;with;Real;1;9.650574
2;2;2;leopard;VR;without;VR;1;3.965576
2;2;3;hyena;VR;without;VR;1;11.40576
2;2;4;turtle;VR;without;VR;1;5.263245
2;2;5;pig;VR;without;VR;1;7.3974
2;2;6;sheep;Real;with;Real;0.5;6.396301
2;2;7;hippo;Real;with;Real;1;3.365906
2;2;8;bear;VR;without;VR;1;3.498596
2;2;9;giraffe;Real;with;Real;0.4787086;25.8324
2;2;10;goat;VR;without;VR;0.9875444;3.542725
2;2;11;wolf;Real;with;Real;1;3.864929
2;2;12;bouquet;Real;with;Real;1;3.187317
2;2;13;elk;VR;without;VR;1;3.309998
2;2;14;bison;VR;without;VR;1;4.15332
2;2;15;rhino;Real;with;Real;1;3.276306
2;2;16;icebear;VR;without;VR;1;3.52063
2;2;17;crocodile;VR;without;VR;1;2.854126
2;2;18;kangaroo;Real;with;Real;1;2.831909
2;2;19;gorilla;VR;without;VR;1;3.554382
2;2;20;cow;Real;with;Real;1;3.664673
2;2;21;octopus;VR;without;VR;1;3.509521
2;2;22;elephant;Real;with;Real;1;5.152283
2;2;23;tiger;Real;with;Real;1;13.21692
2;2;24;panda;VR;without;VR;1;4.730408
2;2;25;pelikan;VR;without;VR;1;2.932861
2;2;26;donkey;Real;with;Real;1;4.309021
2;2;27;horse;Real;with;Real;1;4.875549
2;2;28;eagle;Real;with;Real;1;3.1875
2;2;29;zebra;Real;with;VR;0.5;4.34259
