7;6;0;icebear;PC;with;PC;1;5.205566
7;6;1;snake;PC;with;PC;1;3.577393
7;6;2;horse;VR;with;VR;0.5;4.919678
7;6;3;pig;PC;with;PC;0.9981781;4.009277
7;6;4;zebra;VR;with;VR;0.5;4.275879
7;6;5;bison;PC;with;VR;0.5;3.597412
7;6;6;elephant;VR;with;VR;1;3.92041
7;6;7;elk;VR;with;VR;0.7982184;4.487549
7;6;8;bouquet;VR;with;VR;0.8232133;5.608643
7;6;9;wolf;PC;with;PC;0.7294821;7.195801
7;6;10;rhino;PC;with;PC;0.5;5.064941
7;6;11;leopard;VR;with;VR;0.5;3.509766
7;6;12;crocodile;VR;with;VR;0.5;3.90918
7;6;13;eagle;VR;with;VR;0.210837;7.55249
7;6;14;owl;VR;with;VR;0.5;7.207275
7;6;15;turtle;VR;with;VR;0.5;6.000977
7;6;16;hippo;PC;with;PC;1;3.739014
7;6;17;cow;PC;with;VR;0.5;4.498535
7;6;18;goat;VR;with;VR;0.5;5.141357
7;6;19;octopus;PC;with;PC;1;4.175049
7;6;20;donkey;VR;with;VR;0.1920909;4.965332
7;6;21;bear;VR;with;VR;0.5;4.042725
7;6;22;hyena;VR;with;VR;0.08273782;7.2854
7;6;23;kangaroo;PC;with;PC;0.8482082;5.207764
7;6;24;gorilla;PC;with;PC;1;4.832031
7;6;25;tiger;VR;with;VR;0.5;3.431885
7;6;26;giraffe;PC;with;PC;1;3.36499
7;6;27;sheep;PC;with;VR;0.1670958;5.419678
7;6;28;panda;PC;with;PC;1;3.576172
7;6;29;pelikan;PC;with;PC;0.8169644;3.509521
