3;1;0;wolf;VR;without;PC;0.5;9.063232
3;1;1;bison;VR;without;VR;0.9794317;4.021973
3;1;2;pig;VR;without;VR;0.8607056;3.753174
3;1;3;hippo;PC;without;PC;0.2483296;5.608643
3;1;4;elk;PC;without;PC;0.8763275;5.718506
3;1;5;icebear;PC;without;PC;0.9606854;3.455566
3;1;6;donkey;PC;without;PC;1;3.929932
3;1;7;snake;PC;without;PC;1;4.242432
3;1;8;gorilla;VR;without;VR;0.6951142;4.197021
3;1;9;elephant;VR;without;VR;0;10.40747
3;1;10;kangaroo;VR;without;VR;0.8169644;6.341553
3;1;11;crocodile;VR;without;VR;0.7700991;4.30957
3;1;12;octopus;PC;without;PC;1;3.843018
3;1;13;owl;VR;without;VR;0.9575613;8.850586
3;1;14;sheep;PC;without;PC;0.4170454;5.119873
3;1;15;panda;VR;without;VR;1;5.487305
3;1;16;bear;PC;without;VR;0.2670756;8.196045
3;1;17;turtle;VR;without;VR;0.9513124;3.342041
3;1;18;rhino;PC;without;VR;0.22021;11.47339
3;1;19;hyena;PC;without;PC;0.9606854;4.452393
3;1;20;tiger;PC;without;PC;0.9263176;3.287598
3;1;21;giraffe;VR;without;VR;0.7982184;3.409424
3;1;22;cow;VR;without;PC;1;5.85376
3;1;23;goat;VR;without;VR;0.7732235;5.918701
3;1;24;pelikan;PC;without;PC;1;3.154053
3;1;25;zebra;PC;without;PC;1;3.698242
3;1;26;leopard;PC;without;PC;1;5.375244
3;1;27;eagle;PC;without;PC;1;7.185547
3;1;28;bouquet;VR;without;VR;0.9450636;4.509277
3;1;29;horse;VR;without;VR;1;3.753662
