5;3;0;panda;PC;without;PC;1;4.525024
5;3;1;giraffe;Real;without;Real;1;2.86438
5;3;2;bear;PC;without;PC;1;3.454834
5;3;3;zebra;Real;without;Real;1;3.209595
5;3;4;donkey;PC;without;PC;1;5.47522
5;3;5;elk;PC;without;PC;1;4.474976
5;3;6;owl;PC;without;PC;1;2.755005
5;3;7;wolf;Real;without;Real;1;12.48315
5;3;8;horse;PC;without;PC;1;3.920532
5;3;9;hippo;Real;without;Real;0.2920707;8.184326
5;3;10;gorilla;Real;without;Real;1;4.086792
5;3;11;hyena;PC;without;PC;1;3.976807
5;3;12;elephant;Real;without;Real;1;3.76416
5;3;13;kangaroo;Real;without;Real;1;3.33252
5;3;14;turtle;Real;without;Real;1;3.519897
5;3;15;sheep;PC;without;Real;1;5.764038
5;3;16;crocodile;PC;without;PC;0.7513528;3.609375
5;3;17;eagle;PC;without;PC;1;3.832397
5;3;18;pelikan;Real;without;Real;1;3.908447
5;3;19;pig;Real;without;Real;1;5.741943
5;3;20;tiger;Real;without;Real;1;3.343506
5;3;21;leopard;Real;without;Real;1;3.408813
5;3;22;rhino;PC;without;Real;0.7044872;5.042114
5;3;23;octopus;PC;without;PC;0.2420807;5.597412
5;3;24;cow;Real;without;Real;1;3.009644
5;3;25;bison;PC;without;PC;1;4.064941
5;3;26;goat;PC;without;Real;0;6.652466
5;3;27;bouquet;Real;without;Real;1;3.288208
5;3;28;icebear;PC;without;PC;1;3.808472
5;3;29;snake;Real;without;Real;1;3.57605
