15;6;0;donkey;Real;without;Real;0.7194356;6.756104
15;6;1;turtle;VR;with;Real;1;4.219971
15;6;2;tiger;Real;without;Real;0.8243828;5.908203
15;6;3;elk;Real;without;Real;0.7385166;5.308105
15;6;4;horse;VR;with;VR;1;3.332764
15;6;5;hippo;VR;with;VR;1;3.798096
15;6;6;snake;Real;without;Real;0.7894005;6.385742
15;6;7;pelikan;Real;without;Real;1;11.96118
15;6;8;bouquet;VR;with;VR;0.115193;6.718506
15;6;9;pig;VR;with;Real;0.5;8.774414
15;6;10;sheep;Real;without;Real;0.5;5.707764
15;6;11;goat;VR;with;VR;0;17.5481
15;6;12;bison;Real;without;Real;0.7480575;7.329346
15;6;13;icebear;VR;with;Real;0.5;7.753418
15;6;14;elephant;VR;with;VR;1;5.962402
15;6;15;gorilla;VR;with;Real;0.2137799;8.396973
15;6;16;rhino;Real;without;Real;0.7671388;5.812256
15;6;17;cow;Real;without;Real;0;15.03369
15;6;18;crocodile;Real;without;Real;0.853005;5.26416
15;6;19;eagle;Real;without;VR;0.2455824;8.139893
15;6;20;hyena;Real;without;Real;0.5;8.230225
15;6;21;leopard;Real;without;Real;0.7703192;6.263428
15;6;22;giraffe;VR;with;VR;1;4.376221
15;6;23;wolf;VR;with;VR;0;12.81616
15;6;24;panda;VR;with;VR;0.8180224;7.740967
15;6;25;kangaroo;Real;without;Real;1;5.76416
15;6;26;owl;VR;with;VR;0.7321563;5.99707
15;6;27;bear;VR;with;Real;0;14.8811
15;6;28;zebra;VR;with;Real;0.7639588;5.457764
15;6;29;octopus;Real;without;VR;1;4.648926
