15;4;0;kangaroo;Real;without;Real;1;5.824097
15;4;1;crocodile;Real;without;Real;1;9.806763
15;4;2;goat;VR;without;VR;1;3.831299
15;4;3;owl;VR;without;VR;1;4.808716
15;4;4;eagle;VR;without;VR;1;3.543457
15;4;5;pelikan;VR;without;VR;0;17.25732
15;4;6;hyena;Real;without;Real;0.7742041;10.20703
15;4;7;cow;VR;without;VR;1;8.017822
15;4;8;octopus;VR;without;VR;1;4.055664
15;4;9;hippo;Real;without;Real;0.5;6.52832
15;4;10;gorilla;Real;without;Real;0.5;9.251465
15;4;11;panda;Real;without;Real;1;4.720215
15;4;12;giraffe;VR;without;VR;1;4.509521
15;4;13;wolf;VR;without;VR;0.7744694;11.32764
15;4;14;elephant;VR;without;VR;1;4.964111
15;4;15;bear;VR;without;VR;1;4.121338
15;4;16;horse;VR;without;VR;0.700354;10.78369
15;4;17;tiger;Real;without;Real;0.2074195;12.49341
15;4;18;leopard;Real;without;Real;0.2137799;4.775635
15;4;19;snake;VR;without;VR;0;8.351563
15;4;20;donkey;VR;without;VR;0.7862201;5.75293
15;4;21;elk;VR;without;VR;0.328268;11.78345
15;4;22;rhino;Real;without;Real;0.7353366;8.407471
15;4;23;pig;Real;without;Real;0;18.61353
15;4;24;icebear;Real;without;Real;0.8212028;11.42896
15;4;25;bouquet;Real;without;Real;0.7639585;11.99438
15;4;26;zebra;Real;without;Real;0;11.87158
15;4;27;bison;Real;without;Real;0.8148421;8.107178
15;4;28;turtle;Real;without;Real;1;5.075195
15;4;29;sheep;VR;without;Real;0.3060063;8.262939
