12;3;0;crocodile;Real;without;Real;0.7485532;5.663452
12;3;1;sheep;VR;without;VR;0.03218548;4.229584
12;3;2;turtle;VR;without;VR;0.2223294;6.531403
12;3;3;owl;VR;without;VR;0.1378209;5.231842
12;3;4;icebear;Real;without;Real;1;3.36496
12;3;5;bouquet;Real;without;Real;1;3.454071
12;3;6;elephant;Real;without;Real;1;4.64267
12;3;7;elk;Real;without;Real;1;4.375336
12;3;8;horse;VR;without;VR;1;4.286835
12;3;9;eagle;VR;without;Real;1;3.864868
12;3;10;hippo;Real;without;Real;1;2.598877
12;3;11;tiger;VR;without;VR;0.1136758;3.275543
12;3;12;pig;Real;without;Real;1;2.499603
12;3;13;hyena;Real;without;Real;1;2.720673
12;3;14;octopus;VR;without;VR;0.1861116;3.032288
12;3;15;rhino;Real;without;Real;1;4.10907
12;3;16;pelikan;VR;without;VR;0;5.342285
12;3;17;donkey;VR;without;VR;1;2.919922
12;3;18;kangaroo;VR;without;VR;1;3.643555
12;3;19;panda;VR;without;VR;0.2162933;4.275818
12;3;20;snake;Real;without;Real;1;5.775024
12;3;21;gorilla;VR;without;VR;0.180075;3.109619
12;3;22;zebra;Real;without;VR;0.1770568;3.730774
12;3;23;giraffe;Real;without;VR;0.134803;4.209961
12;3;24;leopard;VR;without;Real;1;3.853821
12;3;25;goat;Real;without;VR;0.5;2.554321
12;3;26;bison;VR;without;Real;1;3.26532
12;3;27;wolf;Real;without;Real;1;3.530823
12;3;28;cow;VR;without;VR;0.2796744;4.098877
12;3;29;bear;Real;without;VR;0.07745776;11.35028
