4;5;0;goat;PC;with;PC;1;5.641846
4;5;1;hyena;PC;with;PC;1;5.020264
4;5;2;cow;PC;with;PC;1;3.675781
4;5;3;octopus;VR;without;VR;0.02649919;7.163574
4;5;4;kangaroo;VR;without;VR;0.8482082;7.274414
4;5;5;pig;PC;with;PC;0.9356906;4.07666
4;5;6;icebear;VR;without;VR;0.6638705;4.619141
4;5;7;bouquet;VR;without;VR;0.7326065;6.963623
4;5;8;pelikan;VR;without;PC;0.1514739;8.496338
4;5;9;rhino;VR;without;VR;0.107733;5.797363
4;5;10;giraffe;PC;with;PC;0.795094;5.486084
4;5;11;horse;PC;with;PC;1;5.409424
4;5;12;elk;PC;with;PC;1;4.530273
4;5;13;crocodile;PC;with;PC;1;8.851318
4;5;14;turtle;PC;with;VR;0.1639716;6.439453
4;5;15;elephant;VR;without;VR;1;6.365967
4;5;16;eagle;VR;without;VR;0.201464;8.052734
4;5;17;bear;PC;with;PC;0.642;6.94043
4;5;18;leopard;VR;without;VR;0.0546185;6.308105
4;5;19;wolf;VR;without;PC;1;5.142822
4;5;20;sheep;VR;without;VR;0.3420605;7.184814
4;5;21;gorilla;VR;without;VR;0.3076923;4.553467
4;5;22;hippo;PC;with;PC;1;4.997803
4;5;23;panda;PC;with;PC;0.6263781;8.129395
4;5;24;donkey;VR;without;VR;0.08898669;4.564697
4;5;25;snake;PC;with;PC;1;4.954102
4;5;26;bison;VR;without;VR;0.1608472;5.328857
4;5;27;owl;PC;with;VR;0.1764691;5.665283
4;5;28;zebra;VR;without;VR;0.1389765;7.196777
4;5;29;tiger;PC;with;VR;0;6.263672
