8;6;0;bear;PC;without;PC;0.1734072;6.190918
8;6;1;giraffe;Real;with;Real;1;2.876465
8;6;2;icebear;PC;without;PC;0.3196976;4.42041
8;6;3;leopard;Real;with;Real;1;4.797607
8;6;4;octopus;PC;without;PC;1;2.975098
8;6;5;owl;Real;with;Real;1;3.01123
8;6;6;wolf;PC;without;PC;0.1829478;2.587402
8;6;7;cow;Real;with;PC;1;3.043213
8;6;8;pelikan;PC;without;PC;0.7363068;3.020752
8;6;9;tiger;Real;with;Real;1;3.79834
8;6;10;pig;Real;with;Real;1;2.609863
8;6;11;goat;Real;with;PC;0.1702269;3.764893
8;6;12;elephant;Real;with;Real;1;2.765381
8;6;13;kangaroo;Real;with;Real;1;3.90918
8;6;14;elk;Real;with;Real;1;2.409912
8;6;15;snake;PC;without;PC;0.7172256;2.776855
8;6;16;hippo;PC;without;PC;1;3.575928
8;6;17;gorilla;Real;with;PC;0.7712894;7.030029
8;6;18;bouquet;PC;without;PC;0.7299465;3.020752
8;6;19;sheep;Real;with;Real;1;3.876221
8;6;20;crocodile;Real;with;Real;0.9748237;3.764893
8;6;21;hyena;PC;without;PC;0.5;3.276367
8;6;22;zebra;Real;with;Real;1;4.864502
8;6;23;eagle;Real;with;Real;1;2.831787
8;6;24;rhino;PC;without;PC;0.7808298;4.231445
8;6;25;donkey;PC;without;PC;0.9303005;7.751953
8;6;26;panda;PC;without;PC;0.997085;3.098633
8;6;27;turtle;PC;without;PC;1;2.753174
8;6;28;bison;PC;without;PC;1;3.677002
8;6;29;horse;PC;without;PC;0.2910756;2.943115
