13;3;0;kangaroo;VR;with;Real;0.02962362;5.868164
13;3;1;wolf;Real;without;Real;0.9825562;7.230713
13;3;2;rhino;Real;without;Real;1;4.609009
13;3;3;pig;VR;with;Real;1;4.98645
13;3;4;sheep;VR;with;Real;1;3.231812
13;3;5;hippo;Real;without;Real;1;19.7793
13;3;6;giraffe;VR;with;VR;0.009474203;11.66089
13;3;7;bouquet;Real;without;Real;1;4.887939
13;3;8;icebear;Real;without;Real;0;5.285278
13;3;9;elephant;Real;without;Real;1;4.765137
13;3;10;bear;VR;with;Real;0.1750657;3.898193
13;3;11;turtle;Real;without;Real;0.02197135;4.176025
13;3;12;hyena;VR;with;VR;0.009474203;6.407227
13;3;13;leopard;VR;with;Real;1;4.910034
13;3;14;bison;VR;with;Real;0.04384209;3.809204
13;3;15;panda;VR;with;VR;0.9217897;10.27283
13;3;16;octopus;VR;with;Real;0.01572278;10.6062
13;3;17;eagle;Real;without;Real;0.2188068;8.051758
13;3;18;horse;VR;with;VR;1;4.675537
13;3;19;owl;VR;with;VR;1;3.354126
13;3;20;donkey;Real;without;VR;0;4.775635
13;3;21;zebra;VR;with;Real;0;5.330688
13;3;22;goat;Real;without;Real;1;4.831299
13;3;23;elk;Real;without;Real;1;2.97644
13;3;24;cow;VR;with;VR;0.03759323;4.442261
13;3;25;gorilla;Real;without;Real;1;3.209595
13;3;26;snake;Real;without;VR;0;12.5387
13;3;27;crocodile;VR;with;VR;1;7.585205
13;3;28;pelikan;Real;without;Real;0.5;3.976074
13;3;29;tiger;Real;without;Real;0.6982386;8.66272
