8;1;0;gorilla;PC;with;PC;1;6.265869
8;1;1;tiger;PC;with;PC;1;5.208649
8;1;2;hyena;PC;with;PC;1;6.719086
8;1;3;horse;Real;without;Real;1;3.742737
8;1;4;owl;PC;with;PC;1;3.531586
8;1;5;wolf;Real;without;Real;1;5.49765
8;1;6;elephant;Real;without;Real;0.6758826;7.141083
8;1;7;bouquet;Real;without;Real;1;3.320862
8;1;8;pelikan;Real;without;Real;1;4.275604
8;1;9;octopus;PC;with;PC;1;3.820465
8;1;10;hippo;Real;without;Real;1;3.752533
8;1;11;cow;PC;with;PC;0.7585682;5.854248
8;1;12;icebear;Real;without;Real;1;2.976349
8;1;13;panda;PC;with;PC;1;3.565002
8;1;14;pig;Real;without;PC;0.469168;7.252045
8;1;15;sheep;PC;with;PC;0.1734072;9.118073
8;1;16;zebra;Real;without;PC;0.2974359;6.96347
8;1;17;crocodile;PC;with;PC;1;2.909851
8;1;18;bear;Real;without;Real;1;5.641693
8;1;19;giraffe;Real;without;Real;1;4.686829
8;1;20;elk;Real;without;Real;1;3.276184
8;1;21;eagle;PC;with;PC;1;2.932556
8;1;22;leopard;Real;without;Real;1;2.676025
8;1;23;rhino;PC;with;PC;1;3.154144
8;1;24;goat;PC;with;PC;0.7712894;6.119537
8;1;25;kangaroo;Real;without;Real;1;3.798157
8;1;26;turtle;PC;with;PC;0.1034423;10.92813
8;1;27;snake;PC;with;PC;1;5.186493
8;1;28;bison;Real;without;Real;0.7140452;4.386841
8;1;29;donkey;PC;with;PC;0.2083898;6.463837
