7;3;0;cow;VR;with;VR;1;5.939575
7;3;1;bear;VR;with;VR;0.2327077;7.841187
7;3;2;bouquet;VR;with;VR;0.5;9.561768
7;3;3;icebear;VR;with;VR;0.6326267;5.718872
7;3;4;snake;Real;with;Real;1;3.776733
7;3;5;goat;Real;with;Real;1;3.831787
7;3;6;hippo;VR;with;Real;0.6794923;5.552979
7;3;7;horse;VR;with;Real;1;3.198486
7;3;8;gorilla;Real;with;Real;0.9950536;4.064575
7;3;9;bison;VR;with;VR;1;4.342529
7;3;10;sheep;VR;with;VR;0.5;4.830566
7;3;11;crocodile;VR;with;VR;1;3.476685
7;3;12;leopard;Real;with;Real;1;4.420166
7;3;13;wolf;Real;with;Real;0.9669343;3.144043
7;3;14;rhino;Real;with;Real;0.948188;4.263672
7;3;15;pelikan;Real;with;Real;0.9981781;4.321167
7;3;16;eagle;VR;with;VR;0.948188;6.796021
7;3;17;giraffe;VR;with;VR;1;3.987183
7;3;18;elk;Real;with;Real;1;3.631348
7;3;19;octopus;VR;with;VR;1;3.498413
7;3;20;kangaroo;Real;with;Real;0.2983193;6.285889
7;3;21;elephant;VR;with;VR;1;3.786621
7;3;22;pig;Real;with;Real;1;3.709839
7;3;23;owl;VR;with;VR;1;4.031616
7;3;24;tiger;Real;with;Real;0.9981781;4.720215
7;3;25;zebra;Real;with;Real;0.7857207;4.009033
7;3;26;donkey;Real;with;Real;1;3.887207
7;3;27;hyena;Real;with;Real;0.8450841;3.953613
7;3;28;panda;Real;with;Real;1;4.087158
7;3;29;turtle;VR;with;VR;0.7076116;6.430298
