16;3;0;giraffe;PC;with;PC;0.8285334;16.51685
16;3;1;rhino;PC;with;PC;0.1193433;15.55981
16;3;2;goat;PC;with;PC;0.4119241;12.02783
16;3;3;donkey;VR;with;VR;0.6981439;6.15271
16;3;4;owl;VR;with;PC;0.1320643;16.77002
16;3;5;tiger;VR;with;PC;0.666342;10.71643
16;3;6;kangaroo;PC;with;PC;0.8317136;8.940308
16;3;7;elephant;VR;with;PC;0.1320643;13.19409
16;3;8;zebra;VR;with;PC;0.3451392;11.32886
16;3;9;pig;PC;with;PC;0.9780037;6.962769
16;3;10;octopus;PC;with;PC;0.825353;5.885864
16;3;11;hippo;PC;with;PC;1;4.97644
16;3;12;eagle;VR;with;VR;0.9843641;4.642822
16;3;13;pelikan;VR;with;VR;0.1193433;21.73315
16;3;14;leopard;PC;with;VR;0.6949639;8.807617
16;3;15;gorilla;VR;with;VR;0.1893084;28.45288
16;3;16;cow;PC;with;PC;0.03983775;18.33594
16;3;17;horse;PC;with;PC;0.809452;8.818115
16;3;18;elk;VR;with;VR;0.7585682;5.864014
16;3;19;hyena;PC;with;VR;0.1320643;21.71216
16;3;20;bear;VR;with;VR;0.4437263;10.24048
16;3;21;sheep;PC;with;VR;0.284715;13.32642
16;3;22;turtle;VR;with;VR;0.9589224;7.741089
16;3;23;crocodile;VR;with;PC;0.6377197;7.463745
16;3;24;wolf;PC;with;PC;0.3960228;9.195068
16;3;25;snake;PC;with;PC;0.5804758;13.92834
16;3;26;icebear;VR;with;VR;0.653621;6.91748
16;3;27;bouquet;VR;with;PC;0.1479655;9.674316
16;3;28;bison;PC;with;PC;0.2878953;7.973877
16;3;29;panda;VR;with;VR;0.02075644;17.80225
