5;4;0;horse;VR;with;VR;1;3.969604
5;4;1;icebear;VR;with;VR;0.2545781;5.797241
5;4;2;zebra;Real;without;Real;0.6669949;4.763672
5;4;3;snake;Real;without;Real;1;2.788208
5;4;4;sheep;VR;with;VR;1;3.75061
5;4;5;gorilla;VR;with;VR;1;3.346313
5;4;6;elk;Real;without;Real;1;4.008545
5;4;7;rhino;VR;with;Real;0.1670958;6.907837
5;4;8;cow;Real;without;Real;0.8357108;4.932129
5;4;9;tiger;Real;without;Real;1;3.509277
5;4;10;hippo;VR;with;VR;0.9106957;5.296753
5;4;11;kangaroo;VR;with;VR;1;3.209717
5;4;12;owl;Real;without;Real;1;4.798462
5;4;13;pig;VR;with;VR;1;5.152344
5;4;14;turtle;VR;with;VR;0.2858219;6.652466
5;4;15;bear;Real;without;VR;0.2483296;6.731079
5;4;16;crocodile;Real;without;Real;1;3.198486
5;4;17;wolf;Real;without;Real;1;5.474609
5;4;18;bouquet;VR;with;VR;1;2.888184
5;4;19;bison;VR;with;Real;0;6.218506
5;4;20;leopard;Real;without;Real;1;3.132568
5;4;21;octopus;Real;without;Real;1;3.2323
5;4;22;pelikan;VR;with;Real;0.2889463;5.552734
5;4;23;panda;VR;with;VR;1;4.097168
5;4;24;eagle;VR;with;VR;1;4.97644
5;4;25;goat;Real;without;Real;1;3.331909
5;4;26;donkey;Real;without;Real;1;3.753784
5;4;27;hyena;Real;without;Real;1;3.542725
5;4;28;elephant;Real;without;VR;0;6.585083
5;4;29;giraffe;VR;with;VR;1;4.199219
