17;1;0;bouquet;Real;without;Real;1;7.895508
17;1;1;horse;Real;without;Real;1;6.040771
17;1;2;sheep;Real;without;Real;1;4.719971
17;1;3;pig;Real;without;Real;1;4.765381
17;1;4;panda;VR;without;VR;1;4.730957
17;1;5;octopus;VR;without;VR;1;5.219238
17;1;6;elephant;VR;without;Real;0.5613945;14.89307
17;1;7;kangaroo;VR;without;VR;1;5.086426
17;1;8;snake;Real;without;Real;1;3.631592
17;1;9;donkey;VR;without;Real;0.5;6.017822
17;1;10;goat;Real;without;Real;1;4.700195
17;1;11;leopard;Real;without;Real;1;3.842773
17;1;12;hippo;VR;without;VR;1;5.896484
17;1;13;cow;VR;without;VR;0.5;6.209229
17;1;14;hyena;VR;without;VR;0.5;26.14258
17;1;15;eagle;Real;without;Real;1;5.475098
17;1;16;turtle;VR;without;VR;1;5.054199
17;1;17;elk;VR;without;VR;0.07800065;7.206787
17;1;18;crocodile;VR;without;VR;1;4.665527
17;1;19;bison;Real;without;Real;0.7299465;6.163574
17;1;20;gorilla;Real;without;Real;0.7267662;6.383301
17;1;21;wolf;Real;without;VR;0.6790626;9.619629
17;1;22;giraffe;Real;without;Real;0.812632;6.309082
17;1;23;owl;Real;without;Real;0.9833941;7.906494
17;1;24;pelikan;Real;without;Real;1;4.598877
17;1;25;rhino;VR;without;VR;0.9462014;3.763916
17;1;26;icebear;VR;without;VR;0.7649288;5.686279
17;1;27;bear;Real;without;VR;0.5;7.286377
17;1;28;zebra;VR;without;Real;0.1257039;10.56177
17;1;29;tiger;VR;without;VR;0.1352446;6.152588
