4;1;0;elephant;VR;with;VR;1;10.82965
4;1;1;sheep;VR;with;VR;1;5.641968
4;1;2;wolf;VR;with;VR;1;5.796387
4;1;3;zebra;VR;with;VR;1;5.353333
4;1;4;giraffe;Real;with;Real;1;3.63147
4;1;5;octopus;VR;with;VR;0.1438219;16.68127
4;1;6;snake;Real;with;VR;0.6843377;6.441528
4;1;7;panda;VR;with;VR;0.8030639;5.863831
4;1;8;turtle;Real;with;VR;0.1531949;5.487061
4;1;9;bison;Real;with;Real;1;4.528259
4;1;10;rhino;VR;with;Real;0.2219313;9.40979
4;1;11;hippo;Real;with;Real;1;4.908936
4;1;12;crocodile;Real;with;Real;1;4.730347
4;1;13;icebear;VR;with;Real;0.03446909;6.674744
4;1;14;gorilla;Real;with;Real;1;5.597473
4;1;15;bear;Real;with;Real;1;4.854065
4;1;16;pelikan;Real;with;Real;1;3.820374
4;1;17;hyena;Real;with;VR;0.3312841;5.274536
4;1;18;tiger;Real;with;Real;0.8655511;7.152222
4;1;19;bouquet;VR;with;VR;0.890546;7.464111
4;1;20;owl;VR;with;Real;1;6.473816
4;1;21;donkey;VR;with;VR;0.2313043;6.252869
4;1;22;horse;VR;with;VR;0.1531949;8.007385
4;1;23;kangaroo;Real;with;VR;0;4.96283
4;1;24;pig;VR;with;VR;0;6.187683
4;1;25;goat;Real;with;VR;0.2250554;6.316956
4;1;26;cow;Real;with;Real;1;3.78949
4;1;27;elk;VR;with;VR;1;4.486633
4;1;28;leopard;VR;with;VR;0.06883726;8.172119
4;1;29;eagle;Real;with;VR;0.118827;5.432861
