17;2;0;bison;VR;without;VR;1;8.312988
17;2;1;wolf;PC;without;PC;1;4.164307
17;2;2;pig;PC;without;PC;1;9.806641
17;2;3;hippo;PC;without;VR;0.5;6.718994
17;2;4;elephant;PC;without;PC;0.7172256;5.075684
17;2;5;sheep;VR;without;VR;1;4.908203
17;2;6;leopard;PC;without;PC;0.8317136;6.141357
17;2;7;owl;PC;without;PC;1;3.820557
17;2;8;tiger;VR;without;VR;0.7681091;6.098145
17;2;9;horse;PC;without;PC;1;4.441895
17;2;10;octopus;VR;without;VR;1;4.452881
17;2;11;zebra;VR;without;VR;1;6.44165
17;2;12;snake;VR;without;VR;1;4.08667
17;2;13;cow;PC;without;PC;1;3.688232
17;2;14;bouquet;VR;without;VR;0.7235858;4.831055
17;2;15;turtle;PC;without;PC;1;4.376221
17;2;16;hyena;PC;without;PC;1;5.537598
17;2;17;gorilla;VR;without;VR;0.08118067;11.7981
17;2;18;icebear;PC;without;PC;0.809452;6.208496
17;2;19;rhino;VR;without;PC;0.01757613;8.950684
17;2;20;panda;PC;without;PC;0.7140452;7.640869
17;2;21;giraffe;PC;without;PC;0.100262;10.32837
17;2;22;pelikan;VR;without;VR;0.9811841;4.58667
17;2;23;bear;VR;without;VR;0.1734072;10.75073
17;2;24;elk;VR;without;PC;0.2211104;6.231201
17;2;25;donkey;VR;without;PC;0.5;9.228271
17;2;26;kangaroo;PC;without;PC;1;6.04248
17;2;27;goat;PC;without;PC;0.7840101;12.6377
17;2;28;eagle;VR;without;VR;0;15.80469
17;2;29;crocodile;VR;without;VR;1;4.853271
