13;6;0;panda;VR;without;Real;0.2295833;4.924072
13;6;1;owl;VR;without;Real;0;5.430664
13;6;2;pelikan;VR;without;VR;0.1139816;5.296631
13;6;3;bison;VR;without;Real;0.5;4.565674
13;6;4;kangaroo;Real;with;Real;0.9950536;4.031494
13;6;5;octopus;VR;without;Real;0.5;3.442383
13;6;6;bear;Real;with;VR;0;5.553223
13;6;7;pig;VR;without;VR;0;5.431396
13;6;8;gorilla;Real;with;Real;0;3.764404
13;6;9;cow;Real;with;Real;0;4.286621
13;6;10;goat;VR;without;VR;0.08273782;5.696045
13;6;11;tiger;VR;without;Real;0.004628741;7.164063
13;6;12;bouquet;VR;without;VR;0.1577228;5.342529
13;6;13;hyena;VR;without;VR;0.03274805;4.120605
13;6;14;elephant;VR;without;VR;0.03274805;7.052246
13;6;15;eagle;Real;with;Real;0.07336481;15.30371
13;6;16;zebra;Real;with;Real;0.04836993;5.708008
13;6;17;turtle;Real;with;Real;0.7388554;4.020996
13;6;18;horse;Real;with;Real;0;4.864502
13;6;19;hippo;VR;without;VR;0.03899663;8.262939
13;6;20;donkey;VR;without;VR;1;5.908203
13;6;21;rhino;Real;with;Real;0;4.264648
13;6;22;crocodile;VR;without;VR;0.04696624;6.90625
13;6;23;sheep;Real;with;VR;0.004628741;9.2854
13;6;24;snake;VR;without;VR;0.01087732;12.77271
13;6;25;elk;Real;with;Real;0.3764284;7.951904
13;6;26;giraffe;Real;with;Real;0.2639512;3.076416
13;6;27;wolf;Real;with;VR;0.1327279;5.174561
13;6;28;leopard;Real;with;Real;0.1514739;8.519043
13;6;29;icebear;Real;with;VR;0.2170858;4.553467
