3;3;0;octopus;PC;without;PC;1;5.084473
3;3;1;bouquet;VR;with;VR;1;3.653809
3;3;2;wolf;VR;with;VR;1;3.631836
3;3;3;horse;VR;with;VR;0.5;3.80835
3;3;4;hyena;PC;without;PC;0.9981781;4.364746
3;3;5;zebra;VR;with;PC;1;5.386475
3;3;6;pig;VR;with;PC;0.8638301;4.220947
3;3;7;gorilla;PC;without;PC;0.9138198;3.519775
3;3;8;pelikan;VR;with;VR;1;3.520996
3;3;9;snake;PC;without;PC;0.9856803;2.821533
3;3;10;kangaroo;VR;with;VR;0.8919494;2.976318
3;3;11;elephant;PC;without;PC;0.9138198;3.297607
3;3;12;tiger;VR;with;PC;0.8388352;4.354492
3;3;13;hippo;VR;with;PC;0.5;4.408203
3;3;14;crocodile;VR;with;VR;1;3.220703
3;3;15;goat;VR;with;VR;1;3.753662
3;3;16;turtle;VR;with;VR;1;3.288086
3;3;17;rhino;VR;with;VR;1;3.442139
3;3;18;elk;PC;without;PC;0.2045884;3.621582
3;3;19;panda;PC;without;PC;0.9106957;4.475586
3;3;20;giraffe;PC;without;VR;0.6919897;5.697266
3;3;21;leopard;VR;with;PC;0.0452455;5.14209
3;3;22;icebear;PC;without;VR;0.9169443;5.253174
3;3;23;eagle;PC;without;PC;1;4.297363
3;3;24;cow;PC;without;PC;1;4.165527
3;3;25;owl;PC;without;PC;0.8263378;3.665039
3;3;26;bison;PC;without;PC;1;3.041992
3;3;27;donkey;PC;without;PC;0.9575613;2.996826
3;3;28;sheep;PC;without;PC;0.9763073;3.777832
3;3;29;bear;VR;with;PC;0.9544369;6.198242
