9;1;0;leopard;VR;with;VR;0.5;9.827515
9;1;1;sheep;Real;with;VR;0.7776498;6.186157
9;1;2;gorilla;Real;with;VR;0.5;5.66394
9;1;3;hyena;VR;with;VR;0.9748237;4.884155
9;1;4;icebear;VR;with;VR;0.7871904;4.812134
9;1;5;cow;Real;with;Real;0.5;3.89624
9;1;6;crocodile;Real;with;VR;0.8285334;4.643677
9;1;7;elk;Real;with;Real;0.8158123;4.397827
9;1;8;turtle;VR;with;VR;0.1479655;4.509766
9;1;9;bear;VR;with;VR;0.7108649;3.952881
9;1;10;kangaroo;VR;with;VR;1;4.54248
9;1;11;octopus;Real;with;Real;0.6917836;4.25354
9;1;12;tiger;Real;with;VR;0.1352446;6.041626
9;1;13;goat;VR;with;VR;0.3514998;4.80896
9;1;14;rhino;Real;with;Real;0.6313593;6.052734
9;1;15;hippo;VR;with;VR;0.6281793;9.262451
9;1;16;donkey;VR;with;VR;0.268814;5.308594
9;1;17;bison;VR;with;Real;0.3133369;6.441406
9;1;18;panda;VR;with;VR;0.3196976;6.330566
9;1;19;horse;Real;with;Real;0.7744694;5.130859
9;1;20;pig;Real;with;Real;0.5;3.609497
9;1;21;zebra;VR;with;Real;0.5;4.431396
9;1;22;giraffe;Real;with;Real;0.8730566;4.442627
9;1;23;eagle;Real;with;VR;0.1797678;4.541992
9;1;24;snake;Real;with;Real;0.9207599;4.608887
9;1;25;bouquet;VR;with;VR;0.5;4.85437
9;1;26;wolf;VR;with;VR;0.7267662;4.563721
9;1;27;elephant;Real;with;Real;0.6377197;4.686646
9;1;28;pelikan;VR;with;VR;0.3165173;5.431152
9;1;29;owl;Real;with;Real;0.03029709;7.762817
