10;5;0;eagle;PC;without;PC;1;5.174072
10;5;1;elephant;PC;without;PC;0.6961806;4.653076
10;5;2;bear;Real;without;PC;0.7414528;3.609497
10;5;3;kangaroo;Real;without;Real;0.7444707;5.319702
10;5;4;horse;Real;without;Real;0.3551286;6.275024
10;5;5;hippo;Real;without;PC;0.2434566;4.542236
10;5;6;wolf;PC;without;Real;0.6358171;5.375366
10;5;7;hyena;Real;without;PC;0.7776709;3.442749
10;5;8;octopus;PC;without;Real;0.6841078;6.674805
10;5;9;owl;Real;without;Real;1;4.620117
10;5;10;donkey;PC;without;Real;0.7052345;3.698608
10;5;11;tiger;PC;without;Real;0.6267623;5.996948
10;5;12;gorilla;Real;without;Real;0.6871257;4.897827
10;5;13;zebra;PC;without;PC;1;6.397217
10;5;14;rhino;Real;without;PC;0.267602;3.564941
10;5;15;pig;PC;without;PC;1;3.509277
10;5;16;elk;PC;without;PC;0.2676017;5.797363
10;5;17;sheep;PC;without;Real;0.268666;8.329468
10;5;18;giraffe;Real;without;Real;1;3.775879
10;5;19;bison;Real;without;Real;0.9376331;4.40918
10;5;20;icebear;PC;without;PC;0.1539758;9.262573
10;5;21;turtle;Real;without;Real;1;5.763916
10;5;22;panda;PC;without;PC;0.7203256;5.042236
10;5;23;crocodile;PC;without;PC;0.2656476;7.185547
10;5;24;goat;PC;without;PC;1;4.342285
10;5;25;snake;Real;without;Real;1;4.120239
10;5;26;pelikan;Real;without;Real;0.7746524;6.30835
10;5;27;bouquet;PC;without;PC;1;6.508179
10;5;28;cow;Real;without;Real;1;4.886719
10;5;29;leopard;Real;without;PC;0.7625797;7.629517
