1;6;0;owl;PC;without;Real;0,2211104;10,31519
1;6;1;zebra;PC;without;PC;0,5;6,266357
1;6;2;hyena;Real;without;Real;1;2,998291
1;6;3;pig;Real;without;Real;1;3,820557
1;6;4;tiger;Real;without;Real;1;3,165283
1;6;5;goat;PC;without;PC;0,7585682;3,442627
1;6;6;sheep;PC;without;PC;0,841254;5,075439
1;6;7;horse;Real;without;Real;0,5;4,743652
1;6;8;gorilla;Real;without;PC;0,2083898;13,67041
1;6;9;pelikan;Real;without;Real;1;3,853516
1;6;10;eagle;PC;without;PC;0,3324182;5,441895
1;6;11;wolf;Real;without;Real;1;3,409424
1;6;12;bison;PC;without;PC;1;7,1521
1;6;13;hippo;PC;without;PC;1;4,053955
1;6;14;giraffe;PC;without;PC;1;3,30957
1;6;15;bear;PC;without;PC;1;2,765381
1;6;16;snake;PC;without;PC;1;3,465332
1;6;17;icebear;Real;without;Real;0,8603353;4,697998
1;6;18;leopard;Real;without;Real;1;3,253418
1;6;19;octopus;Real;without;Real;1;4,83252
1;6;20;crocodile;Real;without;Real;1;3,252686
1;6;21;turtle;Real;without;Real;0,993905;3,398438
1;6;22;bouquet;PC;without;PC;0,2370117;5,809326
1;6;23;elephant;PC;without;PC;0,0875413;6,052246
1;6;24;kangaroo;PC;without;PC;1;4,753906
1;6;25;donkey;Real;without;PC;0,0143961;14,97021
1;6;26;elk;PC;without;PC;1;2,921631
1;6;27;cow;Real;without;Real;1;3,12085
1;6;28;rhino;PC;without;PC;1;4,26416
1;6;29;panda;Real;without;Real;1;3,775391
