16;4;0;panda;PC;without;PC;0.8635156;7.200928
16;4;1;donkey;PC;without;PC;0.8794169;6.30835
16;4;2;elephant;Real;without;Real;1;4.453369
16;4;3;eagle;PC;without;PC;0.7744694;6.175781
16;4;4;kangaroo;PC;without;PC;0.6854233;5.196777
16;4;5;goat;Real;without;Real;0.9748237;4.075928
16;4;6;giraffe;Real;without;Real;1;3.453979
16;4;7;hyena;PC;without;PC;0.7903707;3.57605
16;4;8;gorilla;Real;without;Real;1;5.086792
16;4;9;horse;Real;without;Real;0.8348936;6.930664
16;4;10;pelikan;PC;without;PC;0.0143961;19.45691
16;4;11;leopard;Real;without;Real;0.8317136;5.097656
16;4;12;rhino;Real;without;Real;0.853975;9.870972
16;4;13;cow;PC;without;PC;1;3.689331
16;4;14;bouquet;Real;without;Real;0.8762366;4.698975
16;4;15;bison;PC;without;PC;0.7363068;4.597534
16;4;16;octopus;PC;without;PC;1;2.798828
16;4;17;zebra;PC;without;PC;0.9907247;4.920288
16;4;18;pig;Real;without;Real;0.4119241;7.762695
16;4;19;owl;PC;without;PC;0.8062717;10.73962
16;4;20;sheep;Real;without;Real;0.7108649;5.607544
16;4;21;hippo;Real;without;Real;0.7967311;5.75293
16;4;22;bear;PC;without;PC;0.7871904;4.331421
16;4;23;crocodile;Real;without;Real;0.1161633;29.05322
16;4;24;elk;PC;without;PC;0.9525621;3.676147
16;4;25;snake;PC;without;PC;0;20.047
16;4;26;turtle;Real;without;Real;0.8476146;5.940918
16;4;27;icebear;Real;without;Real;0.8953179;4.231323
16;4;28;tiger;PC;without;PC;0.2242907;9.274292
16;4;29;wolf;Real;without;Real;0.7712894;5.363403
