5;2;0;elk;PC;without;PC;1;6.000732
5;2;1;elephant;Real;with;Real;1;3.264771
5;2;2;zebra;PC;without;PC;0.6263781;5.420166
5;2;3;leopard;Real;with;Real;1;3.420776
5;2;4;gorilla;PC;without;PC;1;3.509277
5;2;5;hippo;Real;with;Real;1;4.064697
5;2;6;horse;PC;without;PC;1;3.52063
5;2;7;hyena;Real;with;Real;1;4.243286
5;2;8;giraffe;PC;without;PC;1;3.297729
5;2;9;rhino;Real;with;Real;0.6919897;8.229614
5;2;10;donkey;Real;with;Real;0.9075713;4.420044
5;2;11;eagle;PC;without;PC;1;3.39856
5;2;12;cow;Real;with;PC;1;6.0979
5;2;13;wolf;Real;with;Real;1;3.253296
5;2;14;icebear;PC;without;PC;1;3.731567
5;2;15;tiger;PC;without;PC;1;4.087036
5;2;16;kangaroo;PC;without;PC;1;3.131836
5;2;17;snake;Real;with;Real;1;4.187012
5;2;18;sheep;Real;with;Real;0.6482486;5.286865
5;2;19;pelikan;Real;with;Real;1;3.828613
5;2;20;owl;Real;with;Real;1;3.368286
5;2;21;bear;PC;without;PC;0.8013425;3.964966
5;2;22;crocodile;PC;without;PC;1;3.408813
5;2;23;goat;Real;with;Real;0.7044872;4.032471
5;2;24;bison;Real;with;Real;1;8.451294
5;2;25;panda;Real;with;PC;0.117106;6.784912
5;2;26;octopus;PC;without;PC;1;3.86499
5;2;27;bouquet;PC;without;PC;1;4.586792
5;2;28;pig;PC;without;PC;0.651373;4.276611
5;2;29;turtle;PC;without;PC;1;3.30957
