10;4;0;wolf;PC;with;PC;0.5;6.663208
10;4;1;donkey;Real;without;PC;0.5;5.730652
10;4;2;hyena;Real;without;Real;1;3.631775
10;4;3;owl;PC;with;Real;1;3.498169
10;4;4;goat;PC;with;PC;1;3.498413
10;4;5;elk;PC;with;PC;1;2.965393
10;4;6;snake;Real;without;Real;1;2.76532
10;4;7;pig;PC;with;PC;0.5;2.509949
10;4;8;turtle;PC;with;PC;0.5;4.031616
10;4;9;eagle;Real;without;Real;1;3.020752
10;4;10;gorilla;Real;without;PC;0.7987975;8.51825
10;4;11;octopus;PC;with;PC;0.7293801;6.852417
10;4;12;bear;Real;without;Real;1;2.71991
10;4;13;sheep;Real;without;Real;1;4.276794
10;4;14;rhino;PC;with;PC;0.5;2.165771
10;4;15;hippo;Real;without;Real;1;2.632202
10;4;16;bison;PC;with;PC;0.5;5.230774
10;4;17;elephant;PC;with;PC;0.6841078;4.564575
10;4;18;kangaroo;Real;without;Real;1;3.386597
10;4;19;leopard;PC;with;Real;0.5;2.144348
10;4;20;panda;PC;with;PC;1;2.898621
10;4;21;icebear;Real;without;Real;1;2.998535
10;4;22;giraffe;PC;with;PC;1;3.862732
10;4;23;pelikan;Real;without;PC;1;4.009827
10;4;24;zebra;PC;with;PC;1;2.98938
10;4;25;tiger;Real;without;PC;1;3.309326
10;4;26;cow;Real;without;Real;1;4.064697
10;4;27;horse;PC;with;PC;1;3.82074
10;4;28;crocodile;Real;without;Real;0;4.020081
10;4;29;bouquet;Real;without;Real;1;7.008057
