17;6;0;sheep;PC;with;PC;1;4.908691
17;6;1;bouquet;Real;without;Real;0.9811841;12.18359
17;6;2;gorilla;Real;without;Real;0.9684631;4.064453
17;6;3;bison;PC;with;PC;0.8666959;4.053711
17;6;4;elk;Real;without;PC;0.08436099;11.30566
17;6;5;pelikan;Real;without;Real;0.9080389;5.808594
17;6;6;goat;Real;without;Real;0.9239399;4.352539
17;6;7;leopard;Real;without;Real;0.8189927;4.407715
17;6;8;owl;PC;with;PC;1;5.411133
17;6;9;zebra;Real;without;Real;1;4.242188
17;6;10;tiger;PC;with;PC;0.1861281;6.441406
17;6;11;hippo;Real;without;PC;0.2783546;15.69287
17;6;12;donkey;Real;without;Real;0.9780037;9.961914
17;6;13;wolf;Real;without;Real;1;5.497559
17;6;14;elephant;PC;with;PC;1;3.520996
17;6;15;cow;Real;without;Real;0.8762366;7.828613
17;6;16;octopus;PC;with;PC;1;3.931152
17;6;17;crocodile;PC;with;Real;0.2624533;6.198242
17;6;18;bear;PC;with;PC;1;4.831055
17;6;19;rhino;PC;with;PC;0.1511455;6.45166
17;6;20;eagle;PC;with;PC;0.09072132;11.97363
17;6;21;hyena;Real;without;Real;1;4.941406
17;6;22;turtle;PC;with;PC;0.5;8.129883
17;6;23;icebear;PC;with;PC;1;3.652832
17;6;24;snake;Real;without;PC;0.2529127;11.16211
17;6;25;kangaroo;Real;without;Real;0.256093;5.953125
17;6;26;horse;Real;without;Real;1;4.430664
17;6;27;pig;PC;with;PC;0.03029709;18.02588
17;6;28;panda;PC;with;PC;1;11.49463
17;6;29;giraffe;PC;with;Real;0.06527968;8.794922
