8;2;0;tiger;VR;with;Real;0.3260579;7.749512
8;2;1;kangaroo;Real;without;Real;1;3.743103
8;2;2;wolf;VR;with;Real;0.2211104;5.163879
8;2;3;donkey;VR;with;Real;0.8189927;4.886047
8;2;4;horse;Real;without;Real;1;4.176514
8;2;5;zebra;Real;without;VR;0.5;6.319397
8;2;6;panda;Real;without;Real;0.8730566;5.286316
8;2;7;bison;VR;with;Real;1;4.531738
8;2;8;eagle;Real;without;Real;1;2.609375
8;2;9;sheep;Real;without;Real;1;2.332336
8;2;10;turtle;Real;without;Real;1;3.197021
8;2;11;elk;Real;without;Real;1;2.722351
8;2;12;gorilla;Real;without;VR;0.1734072;14.12506
8;2;13;goat;VR;with;Real;0.3006163;4.147644
8;2;14;pig;Real;without;Real;1;2.850891
8;2;15;giraffe;VR;with;VR;0.6981439;3.454529
8;2;16;leopard;VR;with;VR;1;3.919983
8;2;17;crocodile;VR;with;VR;0.5;3.542786
8;2;18;bouquet;Real;without;Real;1;2.509766
8;2;19;pelikan;VR;with;Real;1;4.553528
8;2;20;cow;VR;with;VR;0.03665772;5.419739
8;2;21;icebear;Real;without;Real;0.9875444;5.164246
8;2;22;bear;VR;with;Real;0.3355986;4.875671
8;2;23;rhino;VR;with;VR;0.2052094;5.875366
8;2;24;owl;Real;without;VR;0.1765875;5.219421
8;2;25;snake;Real;without;Real;0.9048585;3.975952
8;2;26;octopus;VR;with;VR;1;3.609436
8;2;27;hyena;VR;with;VR;0.3165173;5.408569
8;2;28;elephant;Real;without;VR;0.1606862;4.619263
8;2;29;hippo;VR;with;VR;0.1924885;6.875427
