15;5;0;kangaroo;VR;without;VR;0.7607785;9.899902
15;5;1;eagle;PC;without;PC;0;9.862549
15;5;2;crocodile;PC;without;PC;1;4.575439
15;5;3;pig;PC;without;PC;0.7544182;6.896729
15;5;4;gorilla;VR;without;VR;0.312367;7.751953
15;5;5;panda;PC;without;PC;1;5.241211
15;5;6;goat;VR;without;PC;0.5;16.76025
15;5;7;donkey;VR;without;PC;0.7798595;5.197021
15;5;8;bear;PC;without;PC;1;3.709473
15;5;9;owl;VR;without;PC;0;10.32642
15;5;10;octopus;PC;without;PC;0;20.82495
15;5;11;snake;PC;without;PC;1;4.875488
15;5;12;pelikan;VR;without;VR;1;5.697266
15;5;13;hippo;VR;without;VR;0.681273;7.207764
15;5;14;rhino;PC;without;PC;0.684453;4.63208
15;5;15;icebear;PC;without;PC;1;4.530518
15;5;16;cow;VR;without;PC;0.1120127;13.40576
15;5;17;turtle;PC;without;PC;1;5.552246
15;5;18;zebra;VR;without;VR;0.3282677;5.397217
15;5;19;bouquet;VR;without;VR;0.7989411;6.553711
15;5;20;giraffe;PC;without;PC;0;13.93701
15;5;21;hyena;VR;without;VR;0.286925;7.596436
15;5;22;wolf;VR;without;VR;0.312367;5.763916
15;5;23;tiger;PC;without;PC;0.7575982;9.552002
15;5;24;leopard;PC;without;PC;0.713075;5.064453
15;5;25;elephant;VR;without;VR;0;10.25073
15;5;26;horse;VR;without;VR;0.7416969;7.027588
15;5;27;bison;VR;without;VR;0.2932857;10.26367
15;5;28;sheep;PC;without;PC;0;7.330811
15;5;29;elk;PC;without;VR;0.2296808;10.16089
