5;6;0;cow;VR;with;VR;1;6.220947
5;6;1;snake;VR;with;VR;0.03899663;8.829346
5;6;2;donkey;VR;with;VR;1;4.198975
5;6;3;panda;PC;with;PC;1;2.887451
5;6;4;horse;PC;with;PC;0.7138605;4.697021
5;6;5;wolf;VR;with;VR;1;4.609863
5;6;6;sheep;VR;with;VR;0.6888653;4.930176
5;6;7;bouquet;VR;with;VR;1;3.598389
5;6;8;icebear;PC;with;PC;1;3.510254
5;6;9;hippo;VR;with;VR;1;3.430664
5;6;10;elk;PC;with;VR;0.2233344;7.564209
5;6;11;pig;PC;with;PC;1;3.987549
5;6;12;bison;PC;with;PC;1;5.174805
5;6;13;tiger;VR;with;VR;1;4.720215
5;6;14;hyena;PC;with;PC;0.8450841;7.062744
5;6;15;elephant;PC;with;PC;0.1827176;7.907959
5;6;16;giraffe;VR;with;VR;1;3.753662
5;6;17;goat;PC;with;PC;0.06399181;5.131348
5;6;18;turtle;VR;with;VR;1;6.040771
5;6;19;eagle;VR;with;VR;1;3.898193
5;6;20;kangaroo;VR;with;VR;1;4.085938
5;6;21;pelikan;PC;with;PC;0.7326065;5.177246
5;6;22;octopus;PC;with;PC;1;4.131348
5;6;23;bear;PC;with;PC;1;3.1875
5;6;24;zebra;PC;with;PC;1;5.541748
5;6;25;owl;VR;with;VR;1;3.076416
5;6;26;rhino;VR;with;VR;1;4.798096
5;6;27;crocodile;PC;with;PC;0.651373;5.208252
5;6;28;leopard;VR;with;VR;0.7638503;5.530029
5;6;29;gorilla;PC;with;PC;0.3389361;6.742188
