10;6;0;cow;VR;with;VR;1;9.937256
10;6;1;rhino;Real;without;VR;0.6750531;3.798096
10;6;2;crocodile;Real;without;Real;1;6.041626
10;6;3;pig;Real;without;Real;1;3.054321
10;6;4;elephant;Real;without;Real;1;4.009155
10;6;5;hyena;VR;with;VR;1;5.086914
10;6;6;bear;Real;without;VR;0.7595618;4.441895
10;6;7;gorilla;VR;with;Real;1;5.619873
10;6;8;icebear;Real;without;Real;0;3.420532
10;6;9;giraffe;VR;with;Real;0.02419503;4.864502
10;6;10;octopus;VR;with;VR;1;2.543091
10;6;11;snake;VR;with;VR;0.7625797;2.563354
10;6;12;leopard;VR;with;VR;1;3.388794
10;6;13;elk;Real;without;Real;0.8259614;3.876953
10;6;14;donkey;Real;without;Real;1;3.176392
10;6;15;panda;Real;without;Real;1;4.097778
10;6;16;zebra;Real;without;VR;0.7323983;5.142212
10;6;17;bison;VR;with;Real;1;4.553345
10;6;18;sheep;Real;without;VR;0.5;5.008667
10;6;19;goat;VR;with;VR;1;7.230225
10;6;20;wolf;Real;without;VR;0.7293798;3.731567
10;6;21;kangaroo;VR;with;Real;0.5;7.42981
10;6;22;pelikan;VR;with;VR;1;5.486328
10;6;23;bouquet;VR;with;VR;0.7384344;8.674072
10;6;24;eagle;VR;with;Real;0.7203254;6.863281
10;6;25;owl;Real;without;Real;0.512073;12.35046
10;6;26;hippo;Real;without;Real;0.7233438;5.752197
10;6;27;turtle;Real;without;Real;1;3.342896
10;6;28;horse;VR;with;VR;1;8.38501
10;6;29;tiger;VR;with;VR;1;4.009766
