9;6;0;donkey;VR;without;VR;0.6727023;6.968262
9;6;1;wolf;VR;without;VR;0.9907247;4.653564
9;6;2;rhino;VR;without;VR;0.9780037;3.85376
9;6;3;kangaroo;VR;without;PC;0.7649288;3.798584
9;6;4;pig;PC;without;PC;0.666342;3.986572
9;6;5;crocodile;PC;without;PC;0.8348936;4.475098
9;6;6;eagle;PC;without;PC;0.2242907;7.219971
9;6;7;hyena;VR;without;VR;0.8984982;3.031982
9;6;8;sheep;VR;without;VR;0.653621;6.585449
9;6;9;goat;VR;without;VR;0.2974359;3.987061
9;6;10;giraffe;VR;without;VR;0.5931967;5.164307
9;6;11;horse;VR;without;VR;0.5772955;6.097168
9;6;12;turtle;PC;without;VR;0.6409;3.476318
9;6;13;zebra;PC;without;PC;0.2910756;4.986328
9;6;14;tiger;PC;without;VR;0.6409;5.063721
9;6;15;icebear;PC;without;PC;0.2370117;8.251709
9;6;16;gorilla;VR;without;PC;0.7204055;5.297363
9;6;17;elk;VR;without;PC;0.5;3.953857
9;6;18;bison;PC;without;PC;0.6440803;3.354736
9;6;19;hippo;PC;without;PC;0.1638665;6.94043
9;6;20;leopard;PC;without;PC;0.5;4.976318
9;6;21;cow;PC;without;PC;0.1257039;5.852783
9;6;22;owl;PC;without;PC;0.1765875;7.207764
9;6;23;bouquet;VR;without;VR;0.6313593;4.520264
9;6;24;elephant;PC;without;VR;0.5;3.552979
9;6;25;octopus;PC;without;VR;0.2370117;6.008545
9;6;26;pelikan;PC;without;VR;0.3101569;6.341553
9;6;27;bear;VR;without;VR;0.6186384;7.086426
9;6;28;snake;VR;without;PC;0.1893084;6.99585
9;6;29;panda;VR;without;VR;0.7553881;6.187012
