3;6;0;panda;Real;without;Real;0.9638099;3.812256
3;6;1;bison;VR;with;VR;1;3.276367
3;6;2;leopard;VR;with;VR;0.2170858;5.153809
3;6;3;pig;Real;without;Real;0.9888048;3.854004
3;6;4;elk;VR;with;Real;0.2295833;5.896484
3;6;5;octopus;Real;without;Real;0.7919695;7.797119
3;6;6;giraffe;Real;without;VR;0.5;5.253174
3;6;7;sheep;VR;with;Real;0.5;3.676025
3;6;8;eagle;Real;without;Real;0.08273782;3.709473
3;6;9;owl;Real;without;Real;0.02649919;2.821045
3;6;10;zebra;VR;with;VR;0.7919695;2.731201
3;6;11;snake;VR;with;VR;0.8419596;2.56543
3;6;12;icebear;Real;without;Real;0.6638705;3.676025
3;6;13;gorilla;VR;with;Real;1;3.932617
3;6;14;horse;VR;with;Real;0.8638301;5.041016
3;6;15;bear;VR;with;VR;0.9731832;4.143311
3;6;16;hyena;VR;with;VR;0.9575613;3.631592
3;6;17;rhino;Real;without;Real;0.9669343;3.321045
3;6;18;cow;VR;with;VR;0.06086737;3.964355
3;6;19;donkey;Real;without;Real;0.6763679;2.387939
3;6;20;pelikan;Real;without;Real;0.9231932;3.708496
3;6;21;turtle;Real;without;VR;0.9575613;3.021973
3;6;22;goat;VR;with;VR;0.5;4.197754
3;6;23;wolf;Real;without;VR;0.8075914;5.464355
3;6;24;tiger;Real;without;Real;0.8794519;2.909668
3;6;25;kangaroo;Real;without;Real;0.8888249;4.686035
3;6;26;crocodile;VR;with;VR;0.5;4.387695
3;6;27;hippo;VR;with;VR;0.5;2.609863
3;6;28;bouquet;VR;with;Real;0.007753173;3.819336
3;6;29;elephant;Real;without;Real;0.1827176;6.209473
