6;3;0;cow;Real;with;PC;0.6013832;8.57666
6;3;1;goat;PC;without;Real;1;5.097534
6;3;2;donkey;Real;with;Real;1;4.586914
6;3;3;bouquet;Real;with;Real;1;4.886353
6;3;4;bear;PC;without;PC;0.3358116;9.762207
6;3;5;owl;PC;without;Real;0.7294821;10.45068
6;3;6;icebear;PC;without;PC;1;6.019287
6;3;7;crocodile;PC;without;Real;0.7544773;7.330078
6;3;8;horse;Real;with;Real;1;5.430908
6;3;9;elk;PC;without;Real;0.354558;20.30176
6;3;10;giraffe;Real;with;Real;0.6326267;7.018799
6;3;11;tiger;Real;with;Real;1;3.887207
6;3;12;bison;PC;without;PC;1;8.729248
6;3;13;elephant;Real;with;Real;0.8686755;5.497559
6;3;14;zebra;PC;without;Real;1;3.620483
6;3;15;hippo;Real;with;Real;1;3.542725
6;3;16;panda;PC;without;PC;0.3389361;5.764038
6;3;17;pig;PC;without;Real;1;3.187378
6;3;18;rhino;PC;without;PC;1;7.218994
6;3;19;sheep;PC;without;PC;0.5;3.687134
6;3;20;snake;PC;without;Real;0.7326065;12.03625
6;3;21;wolf;PC;without;PC;0.6170048;13.94055
6;3;22;octopus;Real;with;Real;1;4.231445
6;3;23;turtle;Real;with;Real;1;3.487183
6;3;24;eagle;Real;with;Real;1;3.442871
6;3;25;kangaroo;Real;with;PC;0.7530738;4.753418
6;3;26;leopard;Real;with;Real;1;4.075806
6;3;27;gorilla;Real;with;PC;0.5;9.806885
6;3;28;hyena;Real;with;Real;0.6045077;14.68188
6;3;29;pelikan;PC;without;Real;1;4.307007
