19;1;0;snake;Real;without;Real;0.5;10.93005
19;1;1;bison;Real;without;Real;1;9.46228
19;1;2;sheep;Real;without;Real;1;13.27246
19;1;3;crocodile;Real;without;Real;1;7.285767
19;1;4;hyena;VR;with;Real;0.5550342;17.29089
19;1;5;rhino;VR;with;VR;1;5.331787
19;1;6;leopard;VR;with;VR;1;4.453369
19;1;7;owl;Real;without;Real;1;4.053833
19;1;8;elk;VR;with;VR;0.3610405;20.55615
19;1;9;goat;VR;with;VR;0.6472607;4.853394
19;1;10;octopus;VR;with;VR;1;4.487671
19;1;11;bear;Real;without;Real;1;5.863159
19;1;12;bouquet;Real;without;Real;1;4.608765
19;1;13;giraffe;Real;without;Real;1;6.997681
19;1;14;tiger;VR;with;VR;0.7013242;4.453491
19;1;15;horse;VR;with;Real;1;5.397461
19;1;16;panda;VR;with;VR;0.7522078;4.886597
19;1;17;wolf;Real;without;VR;0.5;10.00684
19;1;18;gorilla;VR;with;VR;0.9716434;4.297729
19;1;19;elephant;Real;without;Real;1;6.385986
19;1;20;pig;Real;without;Real;1;8.706909
19;1;21;pelikan;Real;without;Real;1;5.986206
19;1;22;zebra;Real;without;VR;0.3864821;9.904907
19;1;23;kangaroo;VR;with;VR;0.5;5.021484
19;1;24;turtle;VR;with;VR;0.7458475;5.919556
19;1;25;cow;Real;without;VR;0.8221727;6.105713
19;1;26;donkey;Real;without;Real;1;4.688232
19;1;27;icebear;VR;with;VR;1;4.010498
19;1;28;hippo;VR;with;VR;0.9493818;7.174316
19;1;29;eagle;VR;with;Real;1;3.875854
