8;3;0;gorilla;VR;with;VR;1;3.685791
8;3;1;hippo;Real;with;Real;1;3.699219
8;3;2;rhino;Real;with;Real;1;3.265381
8;3;3;bouquet;Real;with;Real;1;2.998413
8;3;4;elk;Real;with;VR;1;2.743164
8;3;5;pig;Real;with;Real;1;3.675903
8;3;6;cow;VR;with;VR;1;3.297729
8;3;7;owl;VR;with;VR;1;3.442993
8;3;8;eagle;VR;with;VR;1;2.66626
8;3;9;elephant;Real;with;VR;1;3.08667
8;3;10;panda;VR;with;VR;0.06527968;4.376587
8;3;11;icebear;Real;with;VR;0.6695223;6.119141
8;3;12;sheep;Real;with;VR;0.1924885;4.487427
8;3;13;leopard;VR;with;VR;1;3.709106
8;3;14;donkey;VR;with;VR;0.1861281;3.098389
8;3;15;wolf;Real;with;Real;1;2.753418
8;3;16;giraffe;VR;with;VR;1;4.576416
8;3;17;tiger;Real;with;Real;1;4.209473
8;3;18;bear;VR;with;VR;0.5;2.909546
8;3;19;hyena;Real;with;Real;1;3.665039
8;3;20;goat;VR;with;VR;0.6154584;4.930908
8;3;21;crocodile;VR;with;VR;0.1829478;5.108887
8;3;22;horse;VR;with;VR;0.1734072;3.742554
8;3;23;kangaroo;VR;with;VR;0.8158123;3.754028
8;3;24;pelikan;VR;with;VR;1;3.998047
8;3;25;snake;Real;with;Real;1;2.820923
8;3;26;octopus;Real;with;Real;1;2.532104
8;3;27;turtle;Real;with;Real;1;2.99939
8;3;28;bison;VR;with;VR;0.7903707;5.241333
8;3;29;zebra;Real;with;VR;0.1161633;3.741821
