4;2;0;pig;Real;with;Real;0.6156017;6.530151
4;2;1;hippo;VR;without;VR;0.05633982;7.829834
4;2;2;leopard;Real;with;Real;1;4.50885
4;2;3;bouquet;Real;with;Real;1;4.187134
4;2;4;pelikan;Real;with;Real;1;4.098022
4;2;5;panda;Real;with;Real;1;5.773804
4;2;6;kangaroo;VR;without;Real;0;7.186707
4;2;7;gorilla;VR;without;VR;0.6125785;6.241638
4;2;8;bison;VR;without;VR;0.01259864;6.76355
4;2;9;sheep;Real;with;Real;0.2375531;6.997131
4;2;10;wolf;VR;without;VR;0.100081;5.952454
4;2;11;elk;Real;with;VR;0.05633954;4.786682
4;2;12;donkey;Real;with;Real;0.1219515;7.441101
4;2;13;giraffe;VR;without;VR;1;3.710327
4;2;14;cow;Real;with;Real;0.1875631;4.297119
4;2;15;icebear;VR;without;VR;1;4.408936
4;2;16;tiger;Real;with;VR;0.1406975;6.939453
4;2;17;hyena;Real;with;Real;0.7905664;4.109009
4;2;18;crocodile;Real;with;Real;1;3.067627
4;2;19;snake;VR;without;VR;0.05633954;4.531006
4;2;20;rhino;VR;without;Real;1;4.162842
4;2;21;elephant;Real;with;Real;1;4.022095
4;2;22;horse;Real;with;VR;0.1406975;4.719971
4;2;23;goat;VR;without;VR;0.1000807;4.176025
4;2;24;octopus;Real;with;Real;1;4.020386
4;2;25;turtle;VR;without;VR;0.7030841;4.409912
4;2;26;eagle;VR;without;VR;1;5.285645
4;2;27;zebra;VR;without;VR;0.7655713;4.042358
4;2;28;bear;VR;without;VR;0.8186858;3.431885
4;2;29;owl;VR;without;VR;0.1406978;4.242676
