14;2;0;bison;Real;with;Real;1;3.715759
14;2;1;horse;Real;with;Real;1;2.676453
14;2;2;hippo;Real;with;Real;1;2.676636
14;2;3;owl;PC;with;PC;1;3.898315
14;2;4;elk;Real;with;Real;1;2.620972
14;2;5;leopard;Real;with;Real;1;3.220642
14;2;6;goat;PC;with;PC;1;2.832153
14;2;7;sheep;PC;with;PC;1;3.320618
14;2;8;octopus;PC;with;PC;1;2.532288
14;2;9;elephant;PC;with;PC;0.7500503;8.684875
14;2;10;pelikan;Real;with;Real;1;2.554382
14;2;11;crocodile;Real;with;Real;1;2.543335
14;2;12;eagle;Real;with;Real;1;3.03186
14;2;13;snake;Real;with;Real;1;2.31012
14;2;14;wolf;PC;with;PC;1;5.608276
14;2;15;rhino;Real;with;Real;1;2.499084
14;2;16;bouquet;PC;with;PC;1;3.465149
14;2;17;icebear;PC;with;PC;1;2.742981
14;2;18;cow;Real;with;PC;1;5.153198
14;2;19;panda;Real;with;Real;1;2.399231
14;2;20;donkey;PC;with;PC;1;2.387695
14;2;21;kangaroo;PC;with;PC;1;2.343323
14;2;22;tiger;PC;with;PC;1;2.654175
14;2;23;bear;PC;with;PC;1;3.04303
14;2;24;hyena;Real;with;Real;1;4.598145
14;2;25;zebra;PC;with;PC;1;2.820801
14;2;26;pig;PC;with;PC;1;2.365479
14;2;27;giraffe;Real;with;Real;1;2.154602
14;2;28;gorilla;PC;with;PC;1;5.086731
14;2;29;turtle;Real;with;Real;1;2.976135
