12;6;0;zebra;PC;without;VR;0.1871757;6.094849
12;6;1;kangaroo;VR;without;VR;0.2535752;3.896484
12;6;2;goat;VR;without;VR;0.2344024;4.077637
12;6;3;tiger;VR;without;VR;0.08349439;3.376587
12;6;4;octopus;VR;without;VR;1;3.275024
12;6;5;giraffe;VR;without;VR;0.2132749;5.831665
12;6;6;donkey;PC;without;VR;0.2233935;4.97522
12;6;7;elephant;PC;without;VR;0.783707;6.463745
12;6;8;hippo;PC;without;VR;0.2294298;5.919312
12;6;9;turtle;VR;without;VR;0.9477517;4.176147
12;6;10;panda;PC;without;VR;0.238484;4.241455
12;6;11;owl;PC;without;VR;0.7274261;3.232666
12;6;12;icebear;PC;without;VR;1;5.441895
12;6;13;cow;PC;without;PC;1;3.020874
12;6;14;horse;VR;without;VR;0.156994;2.321533
12;6;15;wolf;PC;without;VR;0.232448;3.997681
12;6;16;crocodile;VR;without;VR;0.2656476;3.687134
12;6;17;elk;VR;without;VR;0;4.831177
12;6;18;gorilla;VR;without;VR;0.3682651;4.58667
12;6;19;sheep;VR;without;VR;0.07248548;5.285767
12;6;20;bouquet;VR;without;VR;0.8873882;4.321045
12;6;21;rhino;PC;without;VR;0;6.8302
12;6;22;pig;VR;without;VR;0.295829;3.842407
12;6;23;bear;PC;without;PC;0.8119345;3.854004
12;6;24;leopard;VR;without;VR;0.1539758;3.064331
12;6;25;snake;PC;without;VR;0.9930239;2.655151
12;6;26;pelikan;PC;without;PC;1;3.075562
12;6;27;hyena;PC;without;VR;0.1660485;2.666382
12;6;28;bison;PC;without;PC;0.9990603;3.220581
12;6;29;eagle;VR;without;VR;0.2083026;2.743286
