18;2;0;turtle;VR;without;PC;0.2424021;14.73965
18;2;1;crocodile;VR;without;PC;0.3505296;12.48457
18;2;2;eagle;PC;with;PC;0.3759715;5.630157
18;2;3;rhino;VR;without;PC;0.3982328;4.574829
18;2;4;cow;VR;without;VR;0.4204942;6.764099
18;2;5;pig;PC;with;VR;1;7.163605
18;2;6;gorilla;PC;with;VR;0.3664309;8.817276
18;2;7;giraffe;VR;without;PC;0.3886922;6.574829
18;2;8;sheep;PC;with;VR;0.4077735;5.698105
18;2;9;pelikan;PC;with;VR;1;5.074646
18;2;10;goat;PC;with;VR;0.5190813;7.73053
18;2;11;hyena;PC;with;VR;0.5572442;11.29422
18;2;12;bear;PC;with;PC;0.3918725;5.864227
18;2;13;icebear;VR;without;PC;0.3537099;6.686005
18;2;14;leopard;PC;with;PC;0.3409889;6.48526
18;2;15;horse;VR;without;VR;0.6653717;6.619232
18;2;16;donkey;VR;without;PC;0.6367494;10.04907
18;2;17;bison;VR;without;PC;0.5858662;9.176208
18;2;18;octopus;PC;with;PC;0.9547719;9.527985
18;2;19;tiger;PC;with;VR;0.3696109;16.89218
18;2;20;kangaroo;VR;without;PC;0.302826;5.298645
18;2;21;owl;PC;with;PC;0.9166093;9.839874
18;2;22;panda;VR;without;VR;0.7098947;10.95038
18;2;23;elk;VR;without;VR;0.7639585;5.963745
18;2;24;bouquet;PC;with;PC;0.872086;11.2052
18;2;25;wolf;VR;without;PC;0.6971737;12.43744
18;2;26;zebra;VR;without;VR;1;7.643097
18;2;27;snake;VR;without;PC;0.2678437;4.830383
18;2;28;hippo;PC;with;PC;0.3409889;9.929352
18;2;29;elephant;PC;with;PC;0.2742041;12.4823
