11;2;0;bison;Real;without;Real;1;4.608398
11;2;1;elephant;Real;without;Real;0.6429175;7.640991
11;2;2;zebra;PC;with;PC;0.6961803;5.175415
11;2;3;eagle;Real;without;Real;1;3.831665
11;2;4;donkey;PC;with;PC;1;4.47644
11;2;5;icebear;PC;with;PC;1;4.341553
11;2;6;giraffe;Real;without;Real;1;3.398438
11;2;7;rhino;Real;without;Real;1;2.910645
11;2;8;wolf;Real;without;Real;1;2.732056
11;2;9;sheep;PC;with;PC;0.3008018;8.250977
11;2;10;hippo;Real;without;Real;1;3.232422
11;2;11;crocodile;Real;without;Real;1;2.765991
11;2;12;turtle;Real;without;Real;1;2.821289
11;2;13;goat;Real;without;Real;1;3.463501
11;2;14;kangaroo;Real;without;Real;1;7.329834
11;2;15;cow;PC;with;PC;0.766662;5.065186
11;2;16;elk;PC;with;Real;0.6519718;10.84973
11;2;17;panda;PC;with;PC;0.8541887;4.864624
11;2;18;pelikan;PC;with;PC;0.7877895;3.510132
11;2;19;pig;Real;without;Real;1;4.353516
11;2;20;hyena;PC;with;PC;0.4527733;6.630371
11;2;21;owl;PC;with;PC;1;4.320313
11;2;22;bouquet;PC;with;PC;0.7364802;8.307129
11;2;23;bear;PC;with;PC;1;3.630127
11;2;24;gorilla;Real;without;Real;1;3.477661
11;2;25;octopus;PC;with;PC;0.8964431;3.076416
11;2;26;snake;PC;with;PC;0.8843704;3.864136
11;2;27;tiger;Real;without;Real;0.9809515;3.276855
11;2;28;horse;Real;without;Real;1;4.408325
11;2;29;leopard;PC;with;PC;0.8904067;3.599121
