19;6;0;owl;VR;without;VR;1;6.96875
19;6;1;bison;Real;without;Real;0.271994;5.819336
19;6;2;rhino;Real;without;Real;1;3.387695
19;6;3;leopard;Real;without;Real;1;3.486816
19;6;4;crocodile;VR;without;VR;0.7299465;4.03125
19;6;5;hyena;VR;without;VR;0.3610405;6.019531
19;6;6;pelikan;Real;without;Real;1;3.420898
19;6;7;elephant;VR;without;Real;1;3.664795
19;6;8;goat;VR;without;VR;1;4.753418
19;6;9;panda;Real;without;Real;1;4.175781
19;6;10;kangaroo;VR;without;VR;0.2783546;4.720215
19;6;11;hippo;VR;without;VR;1;9.062256
19;6;12;tiger;VR;without;VR;1;4.498291
19;6;13;gorilla;Real;without;Real;1;2.964111
19;6;14;bear;Real;without;Real;1;4.221191
19;6;15;zebra;Real;without;VR;0.6377197;3.653809
19;6;16;icebear;Real;without;VR;1;4.120117
19;6;17;turtle;VR;without;VR;1;3.83252
19;6;18;wolf;Real;without;Real;0.2878953;6.895996
19;6;19;donkey;VR;without;VR;0.6599813;4.585938
19;6;20;cow;VR;without;VR;1;4.153809
19;6;21;bouquet;VR;without;Real;0.284715;10.1626
19;6;22;eagle;Real;without;Real;1;3.465088
19;6;23;elk;VR;without;Real;1;4.108154
19;6;24;horse;Real;without;Real;1;2.955322
19;6;25;snake;Real;without;Real;0.1829478;13.37061
19;6;26;octopus;Real;without;Real;1;2.932129
19;6;27;sheep;Real;without;VR;1;3.476807
19;6;28;pig;VR;without;VR;0.7808298;5.04126
19;6;29;giraffe;VR;without;VR;1;3.610596
