11;5;0;bison;PC;without;PC;0.7726983;10.8877
11;5;1;hippo;PC;without;PC;0.6519718;5.042236
11;5;2;sheep;VR;without;VR;1;4.431885
11;5;3;snake;PC;without;PC;0.6519718;7.096924
11;5;4;octopus;VR;without;VR;1;2.776611
11;5;5;donkey;PC;without;PC;0.6036816;5.119873
11;5;6;panda;VR;without;VR;1;3.742432
11;5;7;hyena;VR;without;VR;1;3.465332
11;5;8;zebra;VR;without;PC;0.3350652;11.39355
11;5;9;pig;VR;without;PC;0.3169562;5.286621
11;5;10;kangaroo;PC;without;PC;0.615754;5.687012
11;5;11;pelikan;VR;without;VR;1;4.0979
11;5;12;owl;VR;without;VR;1;3.442871
11;5;13;elephant;VR;without;VR;1;2.787842
11;5;14;gorilla;VR;without;VR;1;4.964111
11;5;15;bouquet;PC;without;PC;0.2747024;4.719482
11;5;16;giraffe;VR;without;VR;1;3.987793
11;5;17;rhino;PC;without;PC;0.7757165;7.474365
11;5;18;crocodile;VR;without;VR;1;3.197754
11;5;19;eagle;PC;without;PC;0.2988475;16.21558
11;5;20;elk;VR;without;PC;0.3229925;15.84741
11;5;21;bear;PC;without;PC;0.3169562;7.185547
11;5;22;turtle;PC;without;PC;0.8300436;10.55151
11;5;23;tiger;PC;without;PC;0.2565933;4.897705
11;5;24;icebear;PC;without;PC;0.2837566;4.175781
11;5;25;cow;PC;without;PC;0.8089161;5.430664
11;5;26;leopard;VR;without;VR;1;3.06543
11;5;27;horse;VR;without;VR;1;3.430908
11;5;28;goat;PC;without;VR;0.2354662;10.17163
11;5;29;wolf;PC;without;VR;0.6881901;5.478027
