7;1;0;pelikan;VR;with;VR;1;11.44165
7;1;1;hippo;PC;without;PC;1;6.618225
7;1;2;crocodile;VR;with;VR;0.5;8.652161
7;1;3;eagle;VR;with;VR;0.6624673;5.863831
7;1;4;elk;VR;with;VR;0.7530738;4.997986
7;1;5;goat;VR;with;VR;0.746825;5.519775
7;1;6;wolf;PC;without;PC;0.5;7.096741
7;1;7;owl;PC;without;PC;1;4.508179
7;1;8;hyena;VR;with;PC;0.8155614;6.775513
7;1;9;tiger;VR;with;VR;0.6655918;6.418457
7;1;10;icebear;VR;with;VR;1;6.297729
7;1;11;octopus;VR;with;VR;1;5.175537
7;1;12;bison;PC;without;PC;0.7593224;6.16394
7;1;13;elephant;PC;without;VR;0.2202103;7.5401
7;1;14;bear;PC;without;PC;0.6982386;5.208496
7;1;15;horse;VR;with;PC;0.2045884;7.252991
7;1;16;zebra;PC;without;PC;0.7419798;6.541565
7;1;17;kangaroo;PC;without;VR;0.07024038;11.29462
7;1;18;sheep;VR;with;VR;0.1296034;7.663208
7;1;19;pig;PC;without;PC;0.7700991;3.842712
7;1;20;gorilla;PC;without;PC;0.9950536;4.309326
7;1;21;leopard;PC;without;PC;0.9763073;5.297241
7;1;22;rhino;PC;without;VR;0.5;5.386414
7;1;23;turtle;VR;with;VR;1;5.063477
7;1;24;cow;PC;without;VR;0.5;4.654297
7;1;25;panda;PC;without;PC;0.5;5.38562
7;1;26;bouquet;VR;with;VR;0.1795932;7.586121
7;1;27;giraffe;PC;without;PC;1;4.752441
7;1;28;donkey;VR;with;PC;0.5;4.731812
7;1;29;snake;VR;with;VR;1;4.575867
