6;2;0;elk;Real;without;VR;0.6638705;7.624634
6;2;1;octopus;VR;without;VR;1;8.729248
6;2;2;goat;VR;without;VR;1;5.319946
6;2;3;leopard;VR;without;Real;0.363931;5.875
6;2;4;snake;VR;without;Real;1;5.486328
6;2;5;eagle;Real;without;Real;1;5.475098
6;2;6;panda;VR;without;Real;0.6812133;6.674561
6;2;7;rhino;Real;without;Real;0.6812133;4.564819
6;2;8;cow;Real;without;Real;1;3.998047
6;2;9;hippo;VR;without;Real;0.6201292;7.007813
6;2;10;sheep;Real;without;VR;0.7982184;10.75049
6;2;11;pelikan;Real;without;Real;1;6.09729
6;2;12;crocodile;Real;without;Real;1;7.341064
6;2;13;pig;Real;without;Real;1;4.164795
6;2;14;bear;Real;without;Real;1;3.653809
6;2;15;elephant;Real;without;Real;0.6138806;5.997314
6;2;16;owl;Real;without;VR;0.3483094;7.307739
6;2;17;gorilla;Real;without;Real;0.720109;8.506958
6;2;18;horse;Real;without;Real;0.6138806;5.264404
6;2;19;hyena;VR;without;VR;1;6.474609
6;2;20;zebra;VR;without;Real;1;4.87561
6;2;21;donkey;Real;without;VR;0.5545176;6.919067
6;2;22;tiger;VR;without;Real;0.6451244;14.34912
6;2;23;kangaroo;VR;without;VR;0.6982386;10.03967
6;2;24;icebear;VR;without;VR;0.6326267;38.65796
6;2;25;giraffe;VR;without;VR;0.6982386;9.108765
6;2;26;turtle;Real;without;Real;1;4.275757
6;2;27;wolf;VR;without;VR;1;9.628906
6;2;28;bison;VR;without;Real;1;4.664429
6;2;29;bouquet;VR;without;Real;1;7.618774
