11;3;0;elk;Real;with;PC;1;4.786987
11;3;1;bouquet;PC;with;PC;1;3.962402
11;3;2;snake;PC;with;PC;1;4.276978
11;3;3;bison;PC;with;PC;1;3.266357
11;3;4;leopard;PC;with;PC;0.8722974;6.230469
11;3;5;bear;PC;with;PC;1;3.696045
11;3;6;turtle;PC;with;PC;0.8662611;7.121094
11;3;7;eagle;Real;with;Real;1;2.910156
11;3;8;gorilla;Real;with;PC;0.3743014;31.8739
11;3;9;hyena;Real;with;Real;1;2.909668
11;3;10;owl;PC;with;PC;0.6398994;6.930054
11;3;11;cow;PC;with;PC;0.6972446;21.13794
11;3;12;crocodile;Real;with;Real;1;3.261963
11;3;13;hippo;Real;with;Real;1;2.97644
11;3;14;tiger;PC;with;Real;0.3561924;10.94958
11;3;15;sheep;PC;with;PC;0.3139383;6.075195
11;3;16;kangaroo;Real;with;Real;1;2.144043
11;3;17;panda;PC;with;PC;0.9779331;3.998535
11;3;18;pelikan;Real;with;Real;1;3.786865
11;3;19;icebear;PC;with;PC;0.7364802;3.398438
11;3;20;rhino;Real;with;PC;0.766662;5.374512
11;3;21;wolf;PC;with;PC;0.4044832;6.343018
11;3;22;horse;Real;with;Real;1;2.997803
11;3;23;goat;Real;with;Real;1;4.475098
11;3;24;pig;PC;with;Real;0.6006631;5.897949
11;3;25;donkey;Real;with;Real;1;4.87439
11;3;26;octopus;PC;with;PC;1;8.196533
11;3;27;giraffe;Real;with;Real;1;5.741821
11;3;28;zebra;Real;with;Real;1;3.06604
11;3;29;elephant;Real;with;Real;0.8209888;4.220337
