1;5;0;eagle;Real;with;Real;1;3,977905
1;5;1;tiger;PC;without;PC;0,7617485;4,986816
1;5;2;bear;Real;with;Real;1;3,143066
1;5;3;horse;PC;without;PC;1;6,696777
1;5;4;wolf;PC;without;PC;1;3,233643
1;5;5;hyena;Real;with;Real;1;3,228516
1;5;6;elk;PC;without;PC;0,7172256;3,989258
1;5;7;icebear;Real;with;Real;1;3,464844
1;5;8;cow;PC;without;PC;1;6,719727
1;5;9;giraffe;PC;without;PC;0,7744694;4,463623
1;5;10;zebra;PC;without;PC;0,5;7,385254
1;5;11;gorilla;PC;without;PC;0,5;2,166748
1;5;12;snake;Real;with;Real;1;3,797363
1;5;13;turtle;Real;with;Real;1;3,365234
1;5;14;rhino;Real;with;Real;1;2,654053
1;5;15;crocodile;Real;with;Real;1;2,810547
1;5;16;elephant;Real;with;Real;1;3,850586
1;5;17;donkey;PC;without;PC;0,0493784;6,688721
1;5;18;sheep;Real;with;Real;1;3,39624
1;5;19;octopus;Real;with;Real;1;3,168213
1;5;20;pig;PC;without;Real;0,2370117;8,284668
1;5;21;pelikan;Real;with;Real;1;4,275391
1;5;22;goat;PC;without;Real;0,06209937;10,4729
1;5;23;bouquet;Real;with;Real;1;8,140137
1;5;24;leopard;Real;with;Real;1;3,909424
1;5;25;hippo;PC;without;PC;0,5;5,19751
1;5;26;kangaroo;PC;without;PC;0,5;4,065186
1;5;27;owl;PC;without;PC;0,2370117;7,32959
1;5;28;panda;PC;without;PC;0,7776498;3,854004
1;5;29;bison;Real;with;Real;1;4,331055
