7;4;0;eagle;PC;with;VR;0.7919695;5.320923
7;4;1;hyena;VR;without;PC;0.5;4.858887
7;4;2;rhino;PC;with;PC;0.2358318;6.837524
7;4;3;kangaroo;VR;without;PC;0.3295631;4.642334
7;4;4;gorilla;VR;without;PC;0.1827176;4.87561
7;4;5;bear;PC;with;PC;0.5;4.031372
7;4;6;owl;VR;without;VR;0.8357108;4.365234
7;4;7;elk;VR;without;PC;0.5;5.407959
7;4;8;bouquet;VR;without;PC;0.5;4.353516
7;4;9;cow;PC;with;PC;0.1421009;5.897217
7;4;10;sheep;VR;without;VR;0.6388755;5.008911
7;4;11;octopus;PC;with;PC;0.9919292;4.630371
7;4;12;bison;PC;with;PC;0.5;3.776733
7;4;13;snake;VR;without;VR;0.9919292;4.419556
7;4;14;goat;VR;without;PC;0.5;5.863892
7;4;15;horse;PC;with;PC;1;6.641357
7;4;16;tiger;VR;without;PC;0.5;5.940674
7;4;17;crocodile;PC;with;PC;0.5;5.409546
7;4;18;donkey;PC;with;PC;0.5;4.487671
7;4;19;icebear;PC;with;VR;0.2327077;7.541138
7;4;20;zebra;VR;without;VR;0.5;4.985596
7;4;21;elephant;PC;with;PC;0.5;8.018555
7;4;22;panda;VR;without;VR;1;4.509766
7;4;23;pelikan;VR;without;PC;0.5;5.497559
7;4;24;hippo;PC;with;PC;1;4.896851
7;4;25;leopard;PC;with;VR;0.5;3.875977
7;4;26;pig;VR;without;VR;0.1858421;5.542725
7;4;27;wolf;PC;with;PC;0.2483296;6.108276
7;4;28;turtle;VR;without;VR;0.5;5.886108
7;4;29;giraffe;PC;with;PC;1;7.829712
