6;4;0;eagle;Real;without;PC;0.7857207;10.0835
6;4;1;pig;Real;without;PC;0.7700991;4.453369
6;4;2;hippo;PC;without;PC;0.9200687;7.20752
6;4;3;wolf;Real;without;Real;0.8607056;4.897949
6;4;4;panda;PC;without;PC;0.795094;3.453857
6;4;5;icebear;PC;without;PC;0.7982184;4.953125
6;4;6;pelikan;Real;without;Real;1;4.564697
6;4;7;elk;Real;without;PC;0.5;4.90918
6;4;8;rhino;PC;without;Real;0.8794519;3.453613
6;4;9;elephant;Real;without;PC;1;6.463623
6;4;10;horse;PC;without;PC;0.8419596;10.6394
6;4;11;tiger;Real;without;PC;0.6888653;5.775146
6;4;12;donkey;Real;without;Real;1;3.63208
6;4;13;snake;Real;without;Real;1;4.15332
6;4;14;bouquet;PC;without;PC;1;5.075439
6;4;15;giraffe;Real;without;Real;1;3.6875
6;4;16;turtle;PC;without;PC;1;4.220215
6;4;17;owl;PC;without;PC;0.2951949;4.875488
6;4;18;bison;Real;without;PC;0.5;3.487061
6;4;19;goat;PC;without;PC;0.6544974;16.27026
6;4;20;zebra;Real;without;Real;0.2951949;12.03882
6;4;21;crocodile;Real;without;Real;0.3920503;6.486084
6;4;22;kangaroo;Real;without;Real;1;13.44922
6;4;23;sheep;Real;without;PC;0.2358318;5.020264
6;4;24;octopus;PC;without;Real;1;3.897705
6;4;25;gorilla;PC;without;Real;1;3.587402
6;4;26;cow;PC;without;PC;0.5;8.696045
6;4;27;leopard;PC;without;Real;0.6794923;7.407959
6;4;28;bear;PC;without;PC;0.5;10.10596
6;4;29;hyena;PC;without;Real;0.7732235;9.951172
