3;2;0;eagle;PC;without;PC;1;4.37085
3;2;1;tiger;PC;without;PC;0.9044468;5.175049
3;2;2;snake;PC;without;PC;1;3.776123
3;2;3;elephant;PC;without;Real;0.1483497;8.772949
3;2;4;giraffe;PC;without;Real;0.7669747;3.276123
3;2;5;pig;PC;without;PC;0.8232133;3.365967
3;2;6;pelikan;Real;without;Real;0.804467;3.354248
3;2;7;panda;Real;without;Real;1;3.26416
3;2;8;elk;Real;without;Real;0.8669545;3.2771
3;2;9;turtle;PC;without;PC;0.9544369;3.386475
3;2;10;gorilla;Real;without;Real;1;2.954346
3;2;11;cow;PC;without;PC;0.9356906;5.54248
3;2;12;horse;Real;without;Real;0.9356906;3.197754
3;2;13;wolf;PC;without;PC;0.9294417;6.718994
3;2;14;owl;PC;without;PC;0.9950536;4.553711
3;2;15;bison;PC;without;PC;0.9294417;4.620117
3;2;16;icebear;Real;without;Real;1;2.898438
3;2;17;bear;Real;without;Real;0.9888048;3.232666
3;2;18;crocodile;Real;without;Real;1;3.587402
3;2;19;rhino;Real;without;Real;0.9544369;2.965332
3;2;20;hippo;PC;without;PC;0.9513124;3.619629
3;2;21;kangaroo;Real;without;Real;0.9044468;2.865479
3;2;22;goat;PC;without;Real;1;3.787842
3;2;23;bouquet;Real;without;Real;1;3.621094
3;2;24;leopard;Real;without;Real;0.8294622;6.307129
3;2;25;octopus;Real;without;Real;0.9575613;4.330811
3;2;26;sheep;Real;without;PC;0.2327077;3.854248
3;2;27;zebra;PC;without;PC;0.8169644;3.986816
3;2;28;hyena;Real;without;Real;0.8232133;2.854248
3;2;29;donkey;PC;without;PC;1;3.998047
