18;5;0;sheep;VR;with;VR;0.3855119;5.969727
18;5;1;elk;Real;with;VR;0.9356906;10.88293
18;5;2;hyena;VR;with;Real;1;5.397583
18;5;3;zebra;Real;with;Real;1;3.931885
18;5;4;goat;Real;with;Real;0.9833941;3.809082
18;5;5;gorilla;VR;with;Real;1;4.264526
18;5;6;pig;VR;with;VR;0.7575979;7.329956
18;5;7;wolf;Real;with;Real;1;5.630981
18;5;8;elephant;Real;with;Real;1;7.030396
18;5;9;cow;Real;with;Real;1;2.920288
18;5;10;tiger;VR;with;VR;0.668552;4.842285
18;5;11;bison;Real;with;Real;1;2.654297
18;5;12;bear;VR;with;Real;1;6.719971
18;5;13;turtle;VR;with;VR;0.6240288;3.397583
18;5;14;donkey;VR;with;VR;0.7607782;3.498413
18;5;15;panda;Real;with;Real;1;2.943237
18;5;16;pelikan;Real;with;Real;1;3.24292
18;5;17;icebear;Real;with;VR;0.6717323;4.742065
18;5;18;leopard;Real;with;Real;1;2.743164
18;5;19;bouquet;VR;with;VR;0.6844527;5.120605
18;5;20;kangaroo;VR;with;VR;0.7226156;5.441284
18;5;21;horse;Real;with;Real;1;4.576416
18;5;22;octopus;VR;with;VR;0.671732;5.875122
18;5;23;giraffe;VR;with;VR;0.7416972;5.141235
18;5;24;crocodile;VR;with;VR;0.6939936;3.52063
18;5;25;eagle;VR;with;VR;0.7385166;4.986572
18;5;26;snake;Real;with;Real;1;3.209717
18;5;27;rhino;Real;with;VR;0.728976;7.807495
18;5;28;owl;VR;with;Real;0.8307434;4.064575
18;5;29;hippo;Real;with;Real;1;4.343384
