19;5;0;tiger;Real;with;Real;1;5.481201
19;5;1;rhino;VR;without;VR;1;4.109619
19;5;2;turtle;Real;with;Real;1;3.875488
19;5;3;goat;VR;without;VR;1;6.452637
19;5;4;icebear;VR;without;VR;1;4.674561
19;5;5;crocodile;Real;with;Real;1;3.610352
19;5;6;panda;Real;with;Real;1;3.12085
19;5;7;kangaroo;Real;with;VR;1;4.642578
19;5;8;sheep;VR;without;VR;1;5.708008
19;5;9;bear;Real;with;Real;1;3.631836
19;5;10;gorilla;VR;without;VR;1;3.153809
19;5;11;zebra;VR;without;VR;1;3.864258
19;5;12;hippo;Real;with;Real;1;4.587646
19;5;13;snake;Real;with;Real;1;3.80957
19;5;14;owl;VR;without;VR;1;3.97583
19;5;15;elephant;Real;with;Real;1;5.418701
19;5;16;leopard;VR;without;VR;1;3.376953
19;5;17;octopus;VR;without;VR;1;4.165039
19;5;18;bouquet;Real;with;Real;1;4.642334
19;5;19;horse;Real;with;Real;1;3.642578
19;5;20;cow;Real;with;Real;1;3.642822
19;5;21;wolf;Real;with;Real;1;3.698242
19;5;22;bison;VR;without;VR;0.8603353;4.009033
19;5;23;elk;Real;with;Real;0.8030914;7.48584
19;5;24;pelikan;VR;without;VR;1;3.675781
19;5;25;pig;VR;without;VR;0.7585682;6.984863
19;5;26;giraffe;VR;without;VR;1;3.031982
19;5;27;hyena;VR;without;Real;1;6.309082
19;5;28;donkey;Real;with;Real;1;6.407959
19;5;29;eagle;VR;without;VR;0.993905;3.542725
