9;4;0;horse;VR;with;PC;0.3642205;7.3125
9;4;1;wolf;PC;without;VR;0.3801218;8.030029
9;4;2;icebear;VR;with;VR;0.6154584;4.15332
9;4;3;hippo;VR;with;VR;0.6218187;3.920654
9;4;4;zebra;PC;without;PC;0.3037963;5.897461
9;4;5;owl;VR;with;VR;0.8030914;4.58667
9;4;6;donkey;VR;with;PC;0.5900164;5.452881
9;4;7;kangaroo;PC;without;PC;0.9048585;3.409424
9;4;8;elk;VR;with;VR;0.656801;4.5979
9;4;9;tiger;VR;with;VR;0.7553881;5.20874
9;4;10;gorilla;PC;without;VR;0.7394869;5.14209
9;4;11;pig;PC;without;VR;0.3769415;6.407959
9;4;12;pelikan;PC;without;VR;0.1098026;11.06177
9;4;13;hyena;VR;with;PC;0.3228779;7.041016
9;4;14;sheep;PC;without;PC;0.6345397;6.018311
9;4;15;panda;PC;without;PC;0.7267662;6.053955
9;4;16;elephant;PC;without;PC;0.7553881;6.641602
9;4;17;leopard;PC;without;VR;0.240192;7.296631
9;4;18;eagle;PC;without;PC;0.3228779;9.273193
9;4;19;giraffe;VR;with;VR;0.7108649;10.30396
9;4;20;goat;PC;without;PC;0.3419592;6.188721
9;4;21;cow;VR;with;PC;0.5;4.65332
9;4;22;crocodile;VR;with;VR;0.6854233;5.108643
9;4;23;bison;VR;with;VR;0.7172256;4.6875
9;4;24;octopus;PC;without;PC;0.8348936;9.117188
9;4;25;bouquet;VR;with;PC;0.09072132;10.27319
9;4;26;bear;PC;without;VR;0.5;5.108643
9;4;27;rhino;PC;without;VR;0.100262;8.485107
9;4;28;snake;VR;with;VR;0.8635156;5.275146
9;4;29;turtle;VR;with;PC;0.1702269;10.78418
