13;4;0;panda;Real;without;VR;0.6170048;4.620239
13;4;1;leopard;Real;without;Real;1;4.686523
13;4;2;zebra;VR;without;VR;0.6482486;9.96228
13;4;3;hippo;Real;without;VR;0.3514335;4.721313
13;4;4;snake;VR;without;Real;0;6.462402
13;4;5;crocodile;VR;without;VR;0.1733446;7.196411
13;4;6;pig;VR;without;VR;0.2951949;9.307007
13;4;7;horse;Real;without;Real;1;4.487183
13;4;8;eagle;VR;without;Real;0.9138198;14.7926
13;4;9;goat;Real;without;Real;0.9950536;5.489868
13;4;10;icebear;VR;without;VR;0.5;2.750977
13;4;11;wolf;Real;without;VR;0.5;3.498413
13;4;12;elephant;VR;without;VR;0.5;2.221069
13;4;13;bison;Real;without;Real;0.9811528;8.794189
13;4;14;turtle;Real;without;VR;0.02649919;3.544434
13;4;15;hyena;Real;without;Real;0.9981781;6.008301
13;4;16;cow;Real;without;Real;0.9763073;6.297241
13;4;17;owl;Real;without;Real;1;4.175659
13;4;18;kangaroo;Real;without;Real;1;3.220825
13;4;19;giraffe;VR;without;VR;0.3170656;3.131836
13;4;20;sheep;Real;without;Real;1;5.386353
13;4;21;elk;VR;without;Real;0.9638099;3.831665
13;4;22;octopus;VR;without;VR;0.5;2.943481
13;4;23;gorilla;VR;without;VR;0.2920707;16.96936
13;4;24;rhino;VR;without;VR;0;9.329224
13;4;25;tiger;Real;without;Real;0.8294622;7.118896
13;4;26;donkey;VR;without;VR;0.5982588;5.008789
13;4;27;bear;VR;without;VR;0.260827;11.02844
13;4;28;bouquet;VR;without;VR;0.5;7.840576
13;4;29;pelikan;Real;without;Real;1;3.887085
