11;1;0;icebear;PC;without;PC;1;6.021545
11;1;1;horse;Real;without;Real;1;3.598389
11;1;2;bear;PC;without;PC;1;2.954834
11;1;3;bison;PC;without;PC;1;3.575317
11;1;4;hippo;Real;without;Real;1;2.743958
11;1;5;pig;PC;without;PC;1;3.065247
11;1;6;octopus;Real;without;Real;1;3.153381
11;1;7;turtle;Real;without;Real;1;3.077148
11;1;8;eagle;PC;without;PC;0.4245457;10.15106
11;1;9;owl;Real;without;Real;1;3.120605
11;1;10;zebra;Real;without;Real;1;2.976501
11;1;11;snake;PC;without;PC;1;2.819946
11;1;12;cow;Real;without;Real;1;3.421448
11;1;13;panda;PC;without;PC;1;2.943115
11;1;14;hyena;PC;without;PC;0.6961806;5.963196
11;1;15;rhino;Real;without;Real;1;3.610107
11;1;16;leopard;PC;without;PC;1;3.032104
11;1;17;giraffe;PC;without;PC;1;3.065125
11;1;18;donkey;Real;without;Real;1;3.032166
11;1;19;elephant;Real;without;Real;1;3.541809
11;1;20;gorilla;Real;without;Real;1;3.154846
11;1;21;bouquet;Real;without;Real;1;3.065247
11;1;22;kangaroo;PC;without;PC;1;3.087524
11;1;23;sheep;PC;without;PC;1;3.220703
11;1;24;pelikan;PC;without;PC;1;3.487305
11;1;25;wolf;PC;without;PC;1;4.075134
11;1;26;crocodile;PC;without;PC;1;2.587524
11;1;27;tiger;Real;without;Real;0.6580084;5.276489
11;1;28;goat;Real;without;Real;0.784771;6.152527
11;1;29;elk;Real;without;Real;1;3.920532
