13;2;0;elk;Real;with;Real;1;4.962219
13;2;1;pelikan;Real;with;VR;0.2406773;6.31897
13;2;2;turtle;Real;with;Real;1;4.564331
13;2;3;sheep;Real;with;VR;0.5;4.320435
13;2;4;gorilla;Real;with;Real;1;4.075073
13;2;5;tiger;VR;with;Real;0.9561576;5.253967
13;2;6;icebear;Real;with;Real;0.984277;5.273132
13;2;7;snake;VR;with;VR;0.5;5.122009
13;2;8;hippo;VR;with;VR;0.5;3.354004
13;2;9;owl;VR;with;VR;0.9544369;6.01947
13;2;10;eagle;VR;with;VR;0.5;4.663635
13;2;11;bear;Real;with;Real;1;4.94281
13;2;12;panda;Real;with;Real;1;7.041138
13;2;13;pig;Real;with;Real;1;4.143005
13;2;14;giraffe;Real;with;Real;1;3.720154
13;2;15;octopus;Real;with;Real;1;4.087036
13;2;16;donkey;VR;with;VR;0.8388352;5.253113
13;2;17;bouquet;Real;with;Real;0.7093326;11.82788
13;2;18;rhino;VR;with;VR;1;3.543213
13;2;19;hyena;Real;with;VR;0.2156827;7.274048
13;2;20;crocodile;VR;with;VR;0.04384209;7.152344
13;2;21;horse;VR;with;VR;0.5;4.175659
13;2;22;leopard;Real;with;VR;0.5;16.98016
13;2;23;cow;VR;with;VR;0.04696653;6.220337
13;2;24;wolf;VR;with;VR;0.03134465;5.230652
13;2;25;kangaroo;VR;with;VR;0.9919292;11.76135
13;2;26;goat;VR;with;VR;0.9981781;4.086853
13;2;27;bison;VR;with;VR;0;6.663757
13;2;28;elephant;Real;with;Real;1;4.808838
13;2;29;zebra;VR;with;Real;0.5;8.918091
