12;2;0;elephant;VR;with;VR;0.1861113;6.787979
12;2;1;hyena;Real;with;Real;0.9990603;4.842964
12;2;2;horse;VR;with;VR;0.5;5.497818
12;2;3;snake;VR;with;VR;0.7515711;3.551628
12;2;4;zebra;Real;with;Real;0.783707;3.478333
12;2;5;cow;VR;with;VR;0.9809515;5.1642
12;2;6;octopus;Real;with;Real;0.7576075;3.320618
12;2;7;pig;VR;with;Real;0.7776706;5.330734
12;2;8;donkey;Real;with;VR;0.8501067;5.308701
12;2;9;hippo;VR;with;VR;0.7354165;3.786362
12;2;10;sheep;VR;with;Real;0.5;6.55249
12;2;11;giraffe;Real;with;Real;0.8833063;4.965332
12;2;12;leopard;Real;with;Real;0.883306;4.75322
12;2;13;icebear;Real;with;Real;1;5.21904
12;2;14;elk;VR;with;Real;0.9165062;4.676758
12;2;15;bouquet;VR;with;VR;0.9688789;4.45311
12;2;16;eagle;Real;with;Real;1;2.743118
12;2;17;goat;Real;with;Real;0.8048338;3.165253
12;2;18;bear;VR;with;VR;0.7746521;2.976028
12;2;19;rhino;VR;with;VR;0.1770571;4.296127
12;2;20;wolf;Real;with;Real;1;4.577393
12;2;21;gorilla;VR;with;VR;0.1348027;3.532227
12;2;22;panda;Real;with;Real;1;3.22081
12;2;23;bison;Real;with;VR;0;5.397095
12;2;24;turtle;Real;with;Real;1;3.331314
12;2;25;crocodile;VR;with;VR;0;4.297958
12;2;26;tiger;VR;with;VR;0;6.130524
12;2;27;kangaroo;Real;with;Real;1;6.787109
12;2;28;owl;Real;with;Real;1;5.496933
12;2;29;pelikan;VR;with;VR;0.1166937;5.253113
