4;3;0;hippo;PC;without;PC;0.1813142;9.495483
4;3;1;wolf;PC;without;PC;0.1875631;6.296143
4;3;2;crocodile;PC;without;PC;0.8468048;5.531616
4;3;3;rhino;VR;with;PC;0.8593025;4.785889
4;3;4;goat;VR;with;VR;1;5.286377
4;3;5;pig;VR;with;VR;0.271921;7.974976
4;3;6;icebear;PC;without;PC;0.8936704;6.263062
4;3;7;horse;VR;with;PC;0.1656927;8.562866
4;3;8;elk;VR;with;VR;0.07508584;7.34082
4;3;9;elephant;PC;without;PC;0.1531952;8.229614
4;3;10;bear;VR;with;VR;0.1906875;11.87207
4;3;11;eagle;VR;with;VR;0.8218099;6.963623
4;3;12;cow;PC;without;PC;0.2125583;12.00378
4;3;13;owl;PC;without;PC;0.1157026;16.46204
4;3;14;giraffe;PC;without;VR;0.8717999;7.140015
4;3;15;sheep;PC;without;PC;0;8.429565
4;3;16;turtle;VR;with;VR;0.1625682;7.751831
4;3;17;bouquet;PC;without;VR;0.118827;5.308716
4;3;18;kangaroo;VR;with;VR;0.3358116;8.44043
4;3;19;bison;PC;without;VR;0.2327077;9.560547
4;3;20;gorilla;VR;with;VR;0.2625478;7.864624
4;3;21;hyena;VR;with;VR;0.2406773;7.419067
4;3;22;zebra;PC;without;PC;0.2656725;5.463989
4;3;23;donkey;PC;without;PC;0.1594438;7.330078
4;3;24;tiger;PC;without;VR;0.1656927;3.90918
4;3;25;leopard;PC;without;VR;0;12.93848
4;3;26;octopus;VR;with;VR;0.109454;10.52881
4;3;27;panda;VR;with;PC;0.2250554;7.72937
4;3;28;pelikan;VR;with;PC;0.6593429;6.49707
4;3;29;snake;VR;with;VR;0;6.041626
