4;4;0;donkey;Real;with;Real;0.6232536;5.486572
4;4;1;snake;Real;with;Real;1;4.386719
4;4;2;octopus;PC;with;PC;0.1983395;5.86377
4;4;3;crocodile;Real;with;Real;1;3.953735
4;4;4;icebear;Real;with;Real;1;5.330078
4;4;5;cow;Real;with;PC;0.1469463;5.431641
4;4;6;pelikan;PC;with;PC;1;3.69751
4;4;7;horse;PC;with;PC;1;4.198853
4;4;8;hippo;Real;with;Real;0.04696624;11.85901
4;4;9;rhino;PC;with;PC;0.1421009;6.965576
4;4;10;pig;PC;with;PC;1;5.986328
4;4;11;owl;PC;with;PC;1;4.597778
4;4;12;bouquet;Real;with;PC;1;6.085449
4;4;13;panda;PC;with;PC;1;4.743164
4;4;14;turtle;Real;with;Real;0.1452253;6.141846
4;4;15;elk;PC;with;PC;1;6.918457
4;4;16;sheep;Real;with;Real;1;4.98584
4;4;17;leopard;PC;with;PC;0.2295833;4.862061
4;4;18;wolf;Real;with;Real;1;4.333862
4;4;19;gorilla;Real;with;Real;1;5.597412
4;4;20;tiger;PC;with;Real;0.2327077;6.085938
4;4;21;goat;Real;with;Real;1;4.931152
4;4;22;kangaroo;Real;with;Real;0.2577026;4.29541
4;4;23;zebra;PC;with;PC;1;5.177856
4;4;24;elephant;PC;with;PC;0.1233546;4.831909
4;4;25;giraffe;PC;with;PC;0;5.152466
4;4;26;hyena;Real;with;Real;1;4.25354
4;4;27;bison;PC;with;PC;0;6.09729
4;4;28;eagle;PC;with;Real;0.1014841;6.063721
4;4;29;bear;Real;with;Real;0.1764691;4.275757
