1;4;0;owl;Real;without;Real;1;4,477661
1;4;1;turtle;Real;without;Real;1;3,677246
1;4;2;elk;VR;without;VR;0,5;7,818359
1;4;3;wolf;VR;without;VR;0,5;4,174805
1;4;4;pig;Real;without;Real;1;2,810059
1;4;5;hippo;Real;without;VR;0,5;8,307129
1;4;6;gorilla;VR;without;VR;0,5;4,93103
1;4;7;octopus;Real;without;Real;1;3,620728
1;4;8;zebra;Real;without;Real;1;3,721558
1;4;9;sheep;VR;without;VR;0,5;3,708496
1;4;10;pelikan;VR;without;VR;0,5;3,997803
1;4;11;panda;Real;without;Real;1;3,299316
1;4;12;kangaroo;VR;without;VR;0,5;6,318604
1;4;13;snake;VR;without;VR;1;2,876343
1;4;14;bear;Real;without;Real;1;4,25354
1;4;15;crocodile;Real;without;Real;1;3,254395
1;4;16;elephant;VR;without;VR;0,5;6,152344
1;4;17;rhino;VR;without;Real;1;3,620728
1;4;18;bouquet;VR;without;VR;0,5;3,943481
1;4;19;donkey;Real;without;Real;1;3,963989
1;4;20;bison;Real;without;Real;1;3,032104
1;4;21;cow;Real;without;Real;0,1702269;10,2616
1;4;22;giraffe;Real;without;Real;1;3,987183
1;4;23;hyena;VR;without;VR;0,5;6,475586
1;4;24;tiger;VR;without;VR;0,3674008;5,651978
1;4;25;horse;Real;without;Real;1;3,298462
1;4;26;icebear;VR;without;VR;0,5;6,352661
1;4;27;leopard;VR;without;VR;0,7585682;4,765259
1;4;28;goat;VR;without;VR;0,5;3,830688
1;4;29;eagle;Real;without;Real;1;3,532104
