2;1;0;icebear;VR;without;VR;1;7.338654
2;1;1;kangaroo;PC;without;PC;1;4.121002
2;1;2;gorilla;PC;without;PC;1;4.697784
2;1;3;owl;VR;without;VR;1;4.16507
2;1;4;cow;PC;without;PC;1;3.286896
2;1;5;zebra;VR;without;VR;1;3.1875
2;1;6;donkey;PC;without;PC;1;3.020874
2;1;7;octopus;VR;without;VR;1;3.820526
2;1;8;wolf;VR;without;VR;1;2.798523
2;1;9;eagle;VR;without;VR;0.9875444;3.143097
2;1;10;elk;VR;without;VR;1;6.141998
2;1;11;bison;VR;without;VR;1;15.22607
2;1;12;bear;VR;without;VR;1;4.58667
2;1;13;crocodile;PC;without;PC;1;2.898224
2;1;14;turtle;PC;without;PC;0.8635156;7.152924
2;1;15;bouquet;VR;without;VR;0.5;4.707916
2;1;16;hippo;VR;without;VR;1;3.299377
2;1;17;pig;VR;without;VR;1;3.199005
2;1;18;elephant;VR;without;VR;0.5;7.207214
2;1;19;leopard;PC;without;PC;1;4.664856
2;1;20;sheep;PC;without;PC;0.2592733;15.68118
2;1;21;pelikan;PC;without;PC;0.8857772;15.70407
2;1;22;horse;VR;without;VR;0.8062717;4.675537
2;1;23;hyena;PC;without;PC;1;3.809387
2;1;24;snake;PC;without;PC;1;3.142029
2;1;25;tiger;PC;without;VR;1;3.110626
2;1;26;rhino;PC;without;PC;1;2.632233
2;1;27;panda;PC;without;VR;0.4341854;4.798279
2;1;28;giraffe;VR;without;VR;1;7.372833
2;1;29;goat;PC;without;PC;0.812632;3.366211
