9;2;0;panda;Real;without;Real;0.9811841;4.759644
9;2;1;octopus;VR;without;VR;0.7076849;4.696411
9;2;2;hippo;Real;without;Real;0.1702269;9.730103
9;2;3;owl;VR;without;VR;0.5;3.519287
9;2;4;donkey;VR;without;VR;0.6981439;5.119873
9;2;5;snake;Real;without;Real;0.5;10.02869
9;2;6;elk;Real;without;Real;0.7681091;4.309937
9;2;7;bear;Real;without;Real;0.1765875;4.608276
9;2;8;gorilla;Real;without;VR;0.2179304;5.242188
9;2;9;elephant;VR;without;VR;0.284715;3.743286
9;2;10;hyena;Real;without;VR;0.2783546;7.240356
9;2;11;pig;Real;without;Real;0.7490278;4.142578
9;2;12;zebra;VR;without;VR;0.3006163;4.209106
9;2;13;tiger;VR;without;VR;0.5;3.865723
9;2;14;crocodile;VR;without;Real;0.5;4.153564
9;2;15;eagle;VR;without;VR;0.1511455;4.841431
9;2;16;cow;Real;without;VR;0.268814;9.695801
9;2;17;turtle;Real;without;VR;0.5;3.220459
9;2;18;rhino;Real;without;Real;0.7712894;5.66394
9;2;19;sheep;Real;without;Real;1;3.732422
9;2;20;pelikan;VR;without;VR;0.5836561;4.352905
9;2;21;horse;VR;without;Real;0.7617485;3.653931
9;2;22;wolf;VR;without;Real;0.2783546;4.631226
9;2;23;bouquet;VR;without;VR;0.5;4.297852
9;2;24;leopard;Real;without;Real;0.6313593;3.987183
9;2;25;goat;VR;without;Real;0.1924885;6.230347
9;2;26;giraffe;VR;without;VR;0.7045045;3.687256
9;2;27;icebear;Real;without;Real;0.7394869;5.319946
9;2;28;bison;Real;without;Real;0.6917836;4.087646
9;2;29;kangaroo;VR;without;VR;0.2147501;9.183716
