12;1;0;bouquet;PC;without;PC;1;7.889038
12;1;1;bear;Real;without;PC;0.5;3.760193
12;1;2;panda;PC;without;PC;0.5;3.429321
12;1;3;snake;Real;without;Real;0.5;2.91571
12;1;4;hippo;PC;without;PC;0.9647964;5.4505
12;1;5;bison;PC;without;PC;0.3068379;9.277405
12;1;6;elephant;Real;without;Real;0.6539259;11.89471
12;1;7;crocodile;Real;without;PC;0.1871754;7.305908
12;1;8;tiger;Real;without;Real;0.9104693;4.986572
12;1;9;pelikan;PC;without;PC;0.6237447;4.589233
12;1;10;icebear;Real;without;Real;0.726362;6.643005
12;1;11;turtle;Real;without;Real;1;4.771118
12;1;12;zebra;Real;without;Real;0.330983;5.930908
12;1;13;cow;PC;without;PC;0.1197119;6.394775
12;1;14;pig;Real;without;Real;0.3068379;5.06958
12;1;15;kangaroo;PC;without;PC;0.9134877;4.870361
12;1;16;hyena;PC;without;PC;0.87727;4.373657
12;1;17;leopard;PC;without;Real;1;6.808838
12;1;18;wolf;Real;without;PC;0.2223294;4.307373
12;1;19;eagle;Real;without;Real;1;4.804932
12;1;20;octopus;PC;without;PC;0.8712333;9.12793
12;1;21;gorilla;PC;without;PC;0.8470885;3.976074
12;1;22;rhino;PC;without;PC;0.2464745;7.686523
12;1;23;elk;Real;without;Real;0.8319977;4.804688
12;1;24;sheep;Real;without;Real;0.819925;6.112793
12;1;25;horse;PC;without;PC;0.3370193;4.125122
12;1;26;owl;PC;without;PC;0.3400375;5.831787
12;1;27;giraffe;Real;without;PC;0.6991984;8.564941
12;1;28;donkey;Real;without;PC;0.673099;8.299561
12;1;29;goat;PC;without;Real;0.267602;7.736694
