18;4;0;sheep;PC;without;PC;1;3.841187
18;4;1;octopus;VR;with;VR;1;5.952881
18;4;2;owl;VR;with;PC;0.3855122;12.16089
18;4;3;elk;VR;with;VR;0.3791513;6.963257
18;4;4;donkey;PC;without;PC;1;4.44165
18;4;5;goat;PC;without;PC;1;4.109985
18;4;6;gorilla;PC;without;PC;1;3.453979
18;4;7;bison;PC;without;PC;0.3505296;8.350952
18;4;8;cow;PC;without;PC;0.3918722;5.608765
18;4;9;giraffe;PC;without;PC;0.3378086;4.918457
18;4;10;icebear;VR;with;VR;0.3378083;11.87427
18;4;11;pig;VR;with;VR;0.4332154;15.02637
18;4;12;crocodile;VR;with;VR;0.3823316;4.187012
18;4;13;zebra;VR;with;PC;0.9897544;3.920532
18;4;14;hippo;PC;without;PC;1;3.232056
18;4;15;snake;VR;with;VR;1;4.69751
18;4;16;elephant;PC;without;VR;0.312367;14.16016
18;4;17;rhino;PC;without;PC;0.3632503;12.8158
18;4;18;hyena;VR;with;PC;0.7575982;8.118164
18;4;19;leopard;VR;with;PC;0.3918725;6.841187
18;4;20;wolf;PC;without;PC;1;23.24524
18;4;21;bear;VR;with;PC;0.7194356;7.895996
18;4;22;kangaroo;PC;without;PC;0.3727909;16.5592
18;4;23;pelikan;VR;with;PC;0.7194353;18.00342
18;4;24;horse;VR;with;VR;0.6494704;22.76648
18;4;25;turtle;PC;without;PC;0.3505296;6.853516
18;4;26;bouquet;PC;without;PC;0.131094;13.57141
18;4;27;tiger;VR;with;PC;0.315547;11.28259
18;4;28;eagle;PC;without;PC;0.9134293;12.86194
18;4;29;panda;VR;with;PC;0.328268;12.04895
