2;6;0;hippo;Real;with;Real;1;4.595703
2;6;1;bear;Real;with;Real;1;2.976563
2;6;2;sheep;PC;without;PC;1;3.043457
2;6;3;bison;Real;with;PC;1;2.420898
2;6;4;elk;Real;with;Real;1;2.520996
2;6;5;zebra;PC;without;PC;0.9811841;3.476074
2;6;6;eagle;Real;with;Real;1;2.787598
2;6;7;hyena;Real;with;Real;1;3.076416
2;6;8;donkey;PC;without;PC;1;2.709717
2;6;9;snake;PC;without;PC;1;3.509521
2;6;10;leopard;Real;with;Real;1;2.664795
2;6;11;gorilla;Real;with;Real;1;3.387939
2;6;12;cow;PC;without;PC;1;4.831299
2;6;13;icebear;PC;without;PC;1;4.051514
2;6;14;elephant;PC;without;PC;1;3.911133
2;6;15;giraffe;Real;with;Real;1;2.632324
2;6;16;horse;PC;without;PC;0.9748237;2.720947
2;6;17;tiger;Real;with;Real;1;2.443115
2;6;18;panda;PC;without;PC;1;3.132324
2;6;19;pelikan;PC;without;PC;1;2.976318
2;6;20;wolf;PC;without;PC;1;2.980225
2;6;21;kangaroo;PC;without;PC;1;2.828613
2;6;22;crocodile;Real;with;Real;1;2.665039
2;6;23;pig;Real;with;Real;0.9907247;5.497314
2;6;24;rhino;PC;without;PC;0.5;7.829834
2;6;25;octopus;Real;with;Real;1;2.752197
2;6;26;goat;Real;with;Real;0.9843641;5.010986
2;6;27;turtle;Real;with;Real;0.993905;3.375977
2;6;28;owl;PC;without;PC;1;3.398438
2;6;29;bouquet;PC;without;PC;1;2.998535
