14;4;0;horse;VR;without;VR;1;3.878296
14;4;1;octopus;VR;without;VR;1;2.487793
14;4;2;pig;PC;with;PC;0.8749241;11.92798
14;4;3;crocodile;VR;without;VR;1;2.876343
14;4;4;icebear;PC;with;PC;1;3.498169
14;4;5;sheep;PC;with;PC;1;2.088135
14;4;6;panda;PC;with;PC;1;3.131958
14;4;7;hippo;VR;without;VR;1;3.851929
14;4;8;leopard;VR;without;VR;1;4.288818
14;4;9;hyena;VR;without;VR;1;7.251953
14;4;10;eagle;VR;without;VR;1;4.931152
14;4;11;zebra;VR;without;VR;1;5.952759
14;4;12;elephant;VR;without;VR;1;4.409424
14;4;13;goat;PC;with;PC;1;3.831177
14;4;14;gorilla;PC;with;PC;1;6.49707
14;4;15;giraffe;VR;without;VR;1;3.598389
14;4;16;turtle;PC;with;PC;1;3.742798
14;4;17;donkey;PC;with;PC;1;10.06116
14;4;18;bouquet;PC;with;PC;0.796815;27.75476
14;4;19;bison;VR;without;VR;1;7.685425
14;4;20;pelikan;VR;without;VR;0.7718201;22.35632
14;4;21;wolf;PC;with;PC;1;4.651855
14;4;22;cow;VR;without;VR;1;4.810669
14;4;23;kangaroo;PC;with;VR;0.09383215;39.59277
14;4;24;tiger;PC;with;PC;0.1969364;12.16101
14;4;25;owl;PC;with;VR;0.01572307;32.51831
14;4;26;rhino;PC;with;VR;0.345185;12.11694
14;4;27;elk;VR;without;VR;1;10.495
14;4;28;snake;VR;without;VR;0;34.86182
14;4;29;bear;PC;with;PC;1;5.162476
