14;5;0;elephant;VR;without;VR;1;5.333374
14;5;1;hippo;VR;without;VR;1;3.020874
14;5;2;gorilla;VR;without;VR;1;2.720947
14;5;3;kangaroo;VR;without;VR;1;2.576782
14;5;4;eagle;Real;without;Real;1;2.854126
14;5;5;icebear;Real;without;Real;1;4.475708
14;5;6;horse;Real;without;Real;1;2.543091
14;5;7;pelikan;Real;without;Real;1;2.665527
14;5;8;elk;VR;without;VR;1;2.476929
14;5;9;bison;VR;without;VR;1;2.032227
14;5;10;owl;VR;without;Real;1;3.220825
14;5;11;pig;Real;without;Real;1;3.720215
14;5;12;crocodile;VR;without;VR;1;2.354736
14;5;13;zebra;Real;without;Real;1;3.998169
14;5;14;leopard;VR;without;VR;1;7.318726
14;5;15;bouquet;Real;without;Real;1;2.865479
14;5;16;cow;VR;without;VR;1;2.809692
14;5;17;turtle;Real;without;Real;1;3.342896
14;5;18;tiger;VR;without;VR;1;2.110229
14;5;19;sheep;Real;without;Real;1;2.265625
14;5;20;panda;VR;without;VR;1;2.076904
14;5;21;goat;Real;without;Real;1;4.553345
14;5;22;octopus;VR;without;VR;1;2.499023
14;5;23;giraffe;Real;without;Real;1;3.498169
14;5;24;snake;VR;without;VR;1;2.51001
14;5;25;donkey;Real;without;Real;1;3.254028
14;5;26;bear;VR;without;VR;1;4.253662
14;5;27;wolf;Real;without;Real;1;2.59729
14;5;28;rhino;Real;without;Real;1;2.844727
14;5;29;hyena;Real;without;Real;1;2.310059
