17;4;0;hyena;PC;with;PC;1;4.256836
17;4;1;gorilla;PC;with;PC;1;5.321533
17;4;2;horse;PC;with;PC;1;3.709473
17;4;3;elephant;Real;with;Real;1;5.130859
17;4;4;giraffe;PC;with;PC;1;2.887695
17;4;5;octopus;Real;with;Real;1;3.088135
17;4;6;tiger;Real;with;Real;1;5.686279
17;4;7;bouquet;Real;with;Real;1;3.097656
17;4;8;cow;Real;with;Real;0.5;8.574707
17;4;9;sheep;PC;with;PC;1;4.852539
17;4;10;turtle;Real;with;Real;1;3.875732
17;4;11;rhino;PC;with;PC;0.7522078;9.329834
17;4;12;icebear;PC;with;PC;0;17.12476
17;4;13;pig;PC;with;PC;0.8762366;4.153564
17;4;14;elk;Real;with;Real;1;5.597412
17;4;15;pelikan;Real;with;Real;1;5.142822
17;4;16;leopard;Real;with;Real;1;4.442627
17;4;17;eagle;Real;with;Real;1;10.03906
17;4;18;snake;PC;with;PC;1;3.654541
17;4;19;kangaroo;Real;with;Real;1;3.86377
17;4;20;wolf;PC;with;PC;0.9875444;3.509766
17;4;21;owl;Real;with;Real;1;5.520264
17;4;22;donkey;PC;with;PC;1;4.242676
17;4;23;hippo;PC;with;PC;1;5.075195
17;4;24;bear;Real;with;Real;0.0684597;6.808105
17;4;25;zebra;Real;with;Real;0.9748237;5.608643
17;4;26;goat;PC;with;PC;0.8698763;5.329834
17;4;27;panda;PC;with;PC;1;3.220703
17;4;28;bison;Real;with;Real;1;3.83252
17;4;29;crocodile;PC;with;PC;1;3.920166
