3;4;0;horse;VR;without;VR;0.6326267;4.683838
3;4;1;crocodile;VR;without;Real;1;5.06543
3;4;2;gorilla;VR;without;VR;0.9763073;5.641357
3;4;3;elephant;VR;without;VR;0.8075914;5.707764
3;4;4;pig;Real;with;Real;0.7513528;3.587158
3;4;5;tiger;VR;without;VR;0.8232133;5.075684
3;4;6;zebra;Real;with;VR;0.9763073;4.797607
3;4;7;bear;VR;without;VR;0.6982386;4.875488
3;4;8;hippo;Real;with;VR;0.9419394;3.609619
3;4;9;giraffe;Real;with;Real;1;3.820313
3;4;10;owl;VR;without;VR;0.9981781;3.953613
3;4;11;panda;Real;with;Real;0.9763073;2.844238
3;4;12;donkey;VR;without;VR;0.9106957;3.897217
3;4;13;eagle;Real;with;VR;0.9700584;3.031982
3;4;14;pelikan;Real;with;Real;1;3.310547
3;4;15;goat;Real;with;Real;1;3.630859
3;4;16;bison;Real;with;VR;1;4.376709
3;4;17;leopard;Real;with;Real;1;4.496826
3;4;18;elk;Real;with;Real;1;2.987549
3;4;19;octopus;VR;without;Real;0.04212106;3.731689
3;4;20;bouquet;Real;with;Real;1;3.720459
3;4;21;kangaroo;Real;with;Real;1;4.9646
3;4;22;wolf;Real;with;Real;0.8950738;4.131104
3;4;23;sheep;VR;without;VR;0.05149407;3.12085
3;4;24;cow;VR;without;VR;0.6295025;5.608398
3;4;25;icebear;VR;without;VR;0.7388554;3.998291
3;4;26;rhino;Real;with;Real;0.804467;3.454102
3;4;27;turtle;VR;without;VR;0.5;8.751465
3;4;28;snake;VR;without;VR;0.5;2.854736
3;4;29;hyena;VR;without;Real;0.7732235;3.464355
