1;1;0;panda;PC;without;PC;1;5,345154,
1;1;1;pig;VR;without;VR;1;4,742859,
1;1;2;zebra;PC;without;VR;0,7353366;5,865479
1;1;3;elk;VR;without;VR;1;3,809021,
1;1;4;giraffe;PC;without;PC;1;3,863647,
1;1;5;bison;PC;without;PC;1;3,843903,
1;1;6;hyena;VR;without;VR;0,5;3,931458
1;1;7;horse;PC;without;PC;1;4,63568,
1;1;8;bear;PC;without;PC;0,6812727;5,14267
1;1;9;gorilla;PC;without;PC;1;3,719879,
1;1;10;tiger;VR;without;VR;1;7,25293,
1;1;11;pelikan;PC;without;PC;1;3,365479,
1;1;12;rhino;PC;without;PC;1;4.287384,,
1;1;13;icebear;PC;without;VR;0.5;12.47131,,
1;1;14;snake;VR;without;PC;0;14.25906,,
1;1;15;leopard;VR;without;VR;1;4.586761,,
1;1;16;eagle;VR;without;VR;0.6908134;5.786346,,
1;1;17;kangaroo;VR;without;VR;1;3.309784,,
1;1;18;turtle;PC;without;VR;0.856185;3.875977,,
1;1;19;wolf;PC;without;PC;0.293;6.174,,
1;1;20;octopus;VR;without;VR;1;3.255,,
1;1;21;donkey;VR;without;VR;1;3.798,,
1;1;22;sheep;PC;without;PC;0;11.728,,
1;1;23;bouquet;PC;without;PC;0;13.304,,
1;1;24;crocodile;VR;without;VR;1;3.121,,
1;1;25;hippo;VR;without;VR;1;3.298,,
1;1;26;goat;PC;without;VR;1;4.320,,
1;1;27;elephant;VR;without;VR;1;3.430,,
1;1;28;cow;VR;without;VR;0.5;4.378,,
1;1;29;owl;VR;without;VR;0.5;3.654,,
