7;5;0;snake;Real;with;Real;1;5.918213
7;5;1;cow;PC;with;PC;0.5;5.175537
7;5;2;hippo;PC;with;PC;0.9981781;3.90918
7;5;3;rhino;PC;with;PC;1;3.1875
7;5;4;wolf;PC;with;PC;0.5;4.120361
7;5;5;bear;PC;with;PC;0.8919494;3.79834
7;5;6;eagle;PC;with;PC;1;3.176514
7;5;7;leopard;Real;with;Real;0.9981781;5.676025
7;5;8;gorilla;PC;with;PC;1;3.730225
7;5;9;icebear;PC;with;PC;1;3.654053
7;5;10;tiger;Real;with;Real;1;4.620117
7;5;11;panda;Real;with;Real;1;3.986328
7;5;12;elk;Real;with;Real;0.5;6.475586
7;5;13;pig;PC;with;PC;0.5;3.464844
7;5;14;zebra;Real;with;Real;1;3.74292
7;5;15;octopus;Real;with;Real;1;3.787109
7;5;16;horse;Real;with;Real;1;4.142578
7;5;17;turtle;Real;with;Real;1;4.020264
7;5;18;donkey;PC;with;PC;0.5;4.730957
7;5;19;hyena;PC;with;PC;0.5;3.153564
7;5;20;sheep;Real;with;Real;1;3.254639
7;5;21;bouquet;Real;with;Real;1;4.120605
7;5;22;goat;PC;with;PC;0.5;3.464844
7;5;23;giraffe;Real;with;Real;0.9950536;3.354248
7;5;24;pelikan;PC;with;PC;1;4.275635
7;5;25;crocodile;Real;with;Real;1;4.097168
7;5;26;owl;Real;with;Real;1;3.599365
7;5;27;kangaroo;PC;with;PC;0.5;2.887695
7;5;28;elephant;PC;with;PC;0.9950536;3.909912
7;5;29;bison;Real;with;Real;1;4.241699
