6;6;0;panda;VR;with;PC;0.8294622;7.661621
6;6;1;horse;PC;without;PC;0.8013425;2.898438
6;6;2;pig;VR;with;PC;0.7857207;2.887695
6;6;3;giraffe;PC;without;PC;1;3.231689
6;6;4;bison;VR;with;PC;0.8700789;5.119873
6;6;5;wolf;VR;with;VR;0.6826167;5.020264
6;6;6;crocodile;VR;with;VR;1;2.665039
6;6;7;gorilla;VR;with;VR;1;3.909424
6;6;8;elephant;PC;without;PC;0.2983193;3.543213
6;6;9;octopus;PC;without;PC;0.2514537;24.22168
6;6;10;snake;VR;with;PC;0.7169849;5.275391
6;6;11;eagle;VR;with;PC;0.7326065;12.72729
6;6;12;tiger;PC;without;PC;0.1983395;7.929688
6;6;13;turtle;VR;with;PC;0.7263579;8.496094
6;6;14;sheep;PC;without;VR;0.7607258;6.585938
6;6;15;bear;VR;with;VR;1;4.176025
6;6;16;kangaroo;VR;with;VR;1;3.220459
6;6;17;hyena;PC;without;PC;0.2389563;8.585205
6;6;18;hippo;PC;without;PC;0.7825965;8.373535
6;6;19;pelikan;VR;with;VR;1;5.564209
6;6;20;goat;VR;with;VR;0.8075914;7.496582
6;6;21;bouquet;VR;with;VR;1;4.976074
6;6;22;leopard;PC;without;VR;0.6826167;6.918213
6;6;23;donkey;VR;with;VR;0.7326065;3.409668
6;6;24;owl;PC;without;PC;0.1514739;4.475586
6;6;25;icebear;PC;without;PC;0.7263579;4.131592
6;6;26;zebra;PC;without;VR;0.7388554;12.07202
6;6;27;cow;PC;without;PC;0.2826975;2.941406
6;6;28;elk;PC;without;PC;0.260827;3.233643
6;6;29;rhino;PC;without;VR;0.7607258;6.375488
