14;1;0;zebra;Real;without;Real;1;8.065201
14;1;1;gorilla;VR;with;VR;1;4.375885
14;1;2;pig;VR;with;VR;1;5.708542
14;1;3;hippo;Real;without;Real;1;6.563934
14;1;4;kangaroo;VR;with;VR;1;3.553467
14;1;5;giraffe;VR;with;VR;1;2.898865
14;1;6;elephant;Real;without;Real;1;4.697952
14;1;7;leopard;VR;with;VR;1;3.764816
14;1;8;rhino;VR;with;VR;1;3.852264
14;1;9;snake;VR;with;VR;1;3.166595
14;1;10;elk;Real;without;Real;1;3.598358
14;1;11;donkey;VR;with;VR;1;8.573883
14;1;12;owl;Real;without;Real;1;3.054169
14;1;13;tiger;VR;with;VR;1;3.454041
14;1;14;pelikan;Real;without;Real;1;3.031799
14;1;15;sheep;Real;without;Real;1;2.632111
14;1;16;panda;Real;without;Real;1;2.576752
14;1;17;hyena;VR;with;VR;1;3.142883
14;1;18;octopus;Real;without;Real;1;2.609833
14;1;19;eagle;VR;with;VR;1;3.1763
14;1;20;crocodile;Real;without;Real;1;2.365723
14;1;21;bear;Real;without;Real;1;5.841614
14;1;22;goat;Real;without;Real;1;3.542847
14;1;23;cow;Real;without;Real;1;3.665192
14;1;24;wolf;VR;with;VR;1;7.57431
14;1;25;horse;Real;without;Real;1;2.765289
14;1;26;bouquet;VR;with;VR;1;11.01727
14;1;27;bison;VR;with;VR;1;3.898071
14;1;28;turtle;VR;with;VR;1;3.265015
14;1;29;icebear;Real;without;Real;1;3.642853
