5;1;0;goat;VR;without;VR;1;4.5802
5;1;1;snake;Real;without;Real;1;4.753174
5;1;2;bouquet;VR;without;VR;0.701363;5.031128
5;1;3;bear;VR;without;VR;1;5.919556
5;1;4;kangaroo;Real;without;Real;1;3.342896
5;1;5;rhino;VR;without;VR;0.3139412;4.720215
5;1;6;hyena;Real;without;Real;1;4.808716
5;1;7;bison;Real;without;Real;1;2.909668
5;1;8;pig;Real;without;Real;1;4.420227
5;1;9;sheep;VR;without;VR;0.2295833;5.286377
5;1;10;cow;VR;without;VR;0;4.920227
5;1;11;elk;Real;without;VR;0.3326875;5.786072
5;1;12;pelikan;VR;without;VR;1;3.943176
5;1;13;gorilla;VR;without;VR;0.3014438;4.319641
5;1;14;octopus;Real;without;Real;1;3.887085
5;1;15;wolf;VR;without;VR;1;5.639282
5;1;16;zebra;Real;without;Real;1;3.512207
5;1;17;icebear;VR;without;VR;1;5.608154
5;1;18;leopard;VR;without;VR;1;5.142212
5;1;19;panda;VR;without;VR;1;2.846741
5;1;20;donkey;VR;without;VR;0.7326065;4.960632
5;1;21;tiger;Real;without;Real;1;3.40979
5;1;22;elephant;Real;without;Real;1;3.120544
5;1;23;turtle;Real;without;Real;1;3.698364
5;1;24;owl;VR;without;VR;1;2.998596
5;1;25;horse;VR;without;Real;0.6857412;5.808716
5;1;26;hippo;Real;without;Real;1;3.131531
5;1;27;eagle;Real;without;Real;0.3608068;5.098755
5;1;28;crocodile;Real;without;Real;0.7763477;4.252625
5;1;29;giraffe;Real;without;Real;1;3.320679
