12;4;0;bear;Real;with;Real;0.8923608;7.128296
12;4;1;goat;PC;with;PC;1;4.253967
12;4;2;hippo;PC;with;PC;1;3.275208
12;4;3;turtle;Real;with;Real;1;2.866089
12;4;4;gorilla;Real;with;Real;1;4.25354
12;4;5;leopard;PC;with;PC;1;3.787109
12;4;6;wolf;PC;with;PC;1;4.007507
12;4;7;sheep;PC;with;Real;0.3863738;9.530762
12;4;8;cow;Real;with;Real;1;3.420837
12;4;9;elk;Real;with;Real;1;3.920105
12;4;10;rhino;Real;with;Real;1;2.754272
12;4;11;bison;PC;with;PC;0.7414528;2.865417
12;4;12;crocodile;PC;with;PC;1;2.543335
12;4;13;panda;Real;with;Real;1;4.663147
12;4;14;zebra;PC;with;Real;1;2.866638
12;4;15;icebear;Real;with;Real;1;3.253296
12;4;16;eagle;Real;with;PC;1;3.954529
12;4;17;pig;Real;with;Real;1;4.263794
12;4;18;snake;PC;with;PC;1;6.319397
12;4;19;kangaroo;Real;with;Real;1;2.999451
12;4;20;elephant;Real;with;Real;1;3.120728
12;4;21;octopus;PC;with;PC;1;3.065918
12;4;22;bouquet;PC;with;PC;0.9134877;3.806274
12;4;23;hyena;PC;with;PC;0.9497055;3.611816
12;4;24;horse;PC;with;Real;0.8712333;5.508545
12;4;25;giraffe;Real;with;Real;1;2.920959
12;4;26;owl;PC;with;Real;0.1680026;7.517761
12;4;27;pelikan;PC;with;PC;0.9466876;3.676941
12;4;28;tiger;Real;with;PC;0.1197122;4.786804
12;4;29;donkey;Real;with;Real;1;3.031921
