16;2;0;wolf;Real;without;Real;0.9684631;6.805542
16;2;1;snake;Real;without;Real;0.8953179;4.053589
16;2;2;zebra;Real;without;Real;0.624999;5.164673
16;2;3;donkey;VR;without;VR;0.8794169;4.387268
16;2;4;leopard;VR;without;VR;0.2878953;9.783691
16;2;5;rhino;VR;without;VR;0.8571553;4.020386
16;2;6;eagle;VR;without;VR;0.8857772;3.953796
16;2;7;octopus;VR;without;VR;1;3.353882
16;2;8;crocodile;VR;without;VR;0.7999111;4.731201
16;2;9;cow;Real;without;Real;0.6854233;3.698303
16;2;10;elk;Real;without;Real;1;3.7771
16;2;11;bouquet;VR;without;VR;0.0143961;28.68652
16;2;12;tiger;VR;without;VR;0.3165173;8.607056
16;2;13;elephant;Real;without;Real;0.9048585;3.709778
16;2;14;pig;Real;without;Real;0.7999111;7.418762
16;2;15;bison;Real;without;Real;0.8476146;3.709106
16;2;16;kangaroo;VR;without;VR;0.993905;3.732361
16;2;17;turtle;Real;without;Real;1;3.941895
16;2;18;bear;Real;without;Real;0.8889576;4.196228
16;2;19;horse;VR;without;VR;1;4.210876
16;2;20;pelikan;Real;without;Real;1;4.02063
16;2;21;hyena;Real;without;Real;0.6695223;5.430664
16;2;22;sheep;Real;without;Real;0.7681091;6.674622
16;2;23;gorilla;VR;without;VR;0.8953179;5.186646
16;2;24;icebear;VR;without;VR;0.8348936;7.574585
16;2;25;giraffe;Real;without;Real;0.9112192;3.3974
16;2;26;hippo;VR;without;VR;0.4310054;6.741516
16;2;27;goat;VR;without;VR;0.9366608;4.198547
16;2;28;owl;VR;without;VR;0.8158123;6.286255
16;2;29;panda;Real;without;Real;0.6027374;4.719116
