11;6;0;bear;VR;without;VR;0.9175699;5.235596
11;6;1;leopard;Real;without;VR;0.7183715;16.10376
11;6;2;sheep;VR;without;VR;1;2.487061
11;6;3;bouquet;Real;without;Real;1;3.399414
11;6;4;hyena;VR;without;VR;0.3320473;8.40625
11;6;5;owl;VR;without;VR;0.7696801;7.84082
11;6;6;giraffe;VR;without;VR;1;4.387695
11;6;7;pig;VR;without;VR;0.7576075;4.219238
11;6;8;elk;Real;without;Real;1;3.621582
11;6;9;wolf;VR;without;Real;0.8632432;3.797363
11;6;10;eagle;VR;without;VR;0.6187724;6.276855
11;6;11;hippo;Real;without;Real;1;6.895508
11;6;12;crocodile;VR;without;VR;0.7002625;4.541504
11;6;13;kangaroo;VR;without;VR;0.7062988;4.820068
11;6;14;snake;Real;without;Real;1;3.032227
11;6;15;icebear;Real;without;Real;0.8240072;7.696289
11;6;16;elephant;Real;without;Real;1;2.520264
11;6;17;bison;Real;without;Real;1;3.088135
11;6;18;zebra;VR;without;VR;0.6700811;4.454346
11;6;19;octopus;VR;without;VR;0.6097177;4.986084
11;6;20;pelikan;Real;without;Real;1;3.07666
11;6;21;cow;VR;without;VR;0.6217903;4.35376
11;6;22;panda;Real;without;Real;1;3.143066
11;6;23;rhino;Real;without;Real;1;3.264893
11;6;24;horse;VR;without;VR;0.5946268;5.81958
11;6;25;goat;Real;without;Real;1;3.431152
11;6;26;donkey;VR;without;VR;0.3199747;4.320068
11;6;27;gorilla;Real;without;Real;1;3.543213
11;6;28;tiger;Real;without;Real;1;3.232178
11;6;29;turtle;Real;without;Real;1;3.720703
