19;2;0;donkey;Real;with;Real;1;10.28223
19;2;1;hippo;Real;with;Real;1;4.70874
19;2;2;bear;Real;with;Real;0.997085;4.209229
19;2;3;eagle;Real;with;Real;1;3.409424
19;2;4;tiger;Real;with;Real;1;4.197998
19;2;5;zebra;Real;with;PC;0.5;10.56177
19;2;6;elephant;PC;without;PC;0.5;8.91748
19;2;7;turtle;PC;without;PC;1;4.265625
19;2;8;sheep;PC;without;PC;0.8030914;6.741211
19;2;9;hyena;Real;with;Real;1;4.242432
19;2;10;cow;Real;with;Real;1;3.653809
19;2;11;kangaroo;PC;without;PC;0.8953179;6.363525
19;2;12;pelikan;Real;with;Real;1;3.576416
19;2;13;octopus;PC;without;PC;1;5.586426
19;2;14;giraffe;Real;with;Real;1;6.741211
19;2;15;goat;Real;with;Real;1;4.064697
19;2;16;gorilla;PC;without;PC;0.8730566;5.141357
19;2;17;horse;PC;without;PC;1;3.054932
19;2;18;icebear;PC;without;PC;1;6.085938
19;2;19;crocodile;Real;with;Real;1;5.397461
19;2;20;bison;Real;with;Real;0.809452;5.94165
19;2;21;rhino;PC;without;PC;0.9080389;14.64819
19;2;22;pig;PC;without;PC;1;3.921143
19;2;23;bouquet;Real;with;Real;0.9621025;10.60645
19;2;24;panda;PC;without;PC;1;3.785889
19;2;25;leopard;PC;without;PC;1;19.802
19;2;26;elk;PC;without;PC;1;5.564209
19;2;27;snake;Real;with;Real;1;4.07666
19;2;28;owl;PC;without;Real;1;4.275146
19;2;29;wolf;PC;without;Real;1;5.186279
