19;3;0;crocodile;PC;with;VR;0.3228779;26.02661
19;3;1;leopard;PC;with;VR;1;5.585693
19;3;2;horse;VR;without;VR;0.2624533;23.31128
19;3;3;elk;PC;with;VR;0.7235858;6.098389
19;3;4;elephant;VR;without;VR;0.2751743;13.31592
19;3;5;rhino;VR;without;VR;0.6631616;6.885254
19;3;6;bouquet;VR;without;VR;0.5772955;14.60449
19;3;7;bison;PC;with;PC;1;8.185303
19;3;8;hyena;VR;without;VR;0.7553881;6.496094
19;3;9;cow;PC;with;VR;0.653621;7.119873
19;3;10;kangaroo;VR;without;VR;0.9207599;4.908691
19;3;11;panda;PC;with;VR;0.2751743;9.528809
19;3;12;icebear;VR;without;VR;0.6886036;6.129639
19;3;13;owl;VR;without;VR;0.2910756;13.30591
19;3;14;zebra;PC;with;PC;0.2497327;15.04785
19;3;15;giraffe;PC;with;PC;0.8317136;5.508545
19;3;16;donkey;PC;with;PC;1;5.264893
19;3;17;snake;VR;without;VR;0.1988491;15.04785
19;3;18;tiger;VR;without;VR;0.284715;8.884766
19;3;19;octopus;VR;without;VR;0.7712894;4.575439
19;3;20;goat;PC;with;PC;0.2656337;9.607666
19;3;21;bear;VR;without;VR;0.6218187;9.927734
19;3;22;pelikan;VR;without;PC;0.256093;6.941406
19;3;23;hippo;PC;with;PC;1;4.865234
19;3;24;wolf;VR;without;PC;0.6218187;3.90918
19;3;25;eagle;PC;with;PC;0.7585682;5.275391
19;3;26;pig;PC;with;PC;1;5.997314
19;3;27;gorilla;PC;with;PC;1;9.18457
19;3;28;turtle;VR;without;VR;0.3292382;11.8501
19;3;29;sheep;PC;with;PC;0.2338314;11.0061
