10;2;0;snake;VR;without;VR;1;11.8544
10;2;1;owl;VR;without;VR;0.5;4.397964
10;2;2;bear;VR;without;VR;1;4.09877
10;2;3;octopus;Real;without;Real;1;3.131363
10;2;4;crocodile;VR;without;VR;0.7173077;5.3974
10;2;5;pig;Real;without;Real;1;3.220795
10;2;6;icebear;Real;without;VR;0.5;3.54277
10;2;7;kangaroo;Real;without;VR;0.5;4.031525
10;2;8;rhino;VR;without;VR;0;5.19751
10;2;9;hyena;Real;without;Real;1;4.00943
10;2;10;giraffe;Real;without;VR;0.2726242;7.696381
10;2;11;eagle;VR;without;VR;0.2555293;5.097778
10;2;12;goat;VR;without;VR;0.30382;3.598083
10;2;13;elk;VR;without;Real;0.9346147;3.83194
10;2;14;donkey;Real;without;Real;1;2.720856
10;2;15;wolf;Real;without;Real;1;4.642273
10;2;16;gorilla;Real;without;Real;1;3.464935
10;2;17;elephant;VR;without;VR;0.5;5.264343
10;2;18;zebra;Real;without;Real;1;3.487457
10;2;19;bison;Real;without;Real;1;2.776306
10;2;20;cow;Real;without;Real;1;2.88739
10;2;21;bouquet;VR;without;VR;1;2.998779
10;2;22;turtle;VR;without;VR;1;2.931976
10;2;23;panda;VR;without;VR;1;3.598419
10;2;24;leopard;VR;without;VR;1;3.509247
10;2;25;tiger;VR;without;VR;0.5;2.810059
10;2;26;horse;VR;without;VR;1;3.886993
10;2;27;hippo;Real;without;Real;1;3.107849
10;2;28;pelikan;Real;without;Real;1;5.221863
10;2;29;sheep;Real;without;Real;1;3.631592
