1;3;0;donkey;Real;with;Real;1;4,658691
1;3;1;turtle;PC;with;PC;1;5,119873
1;3;2;octopus;Real;with;Real;1;3,020386
1;3;3;hippo;PC;with;PC;0,5;5,585815
1;3;4;kangaroo;Real;with;Real;1;3,721802
1;3;5;bouquet;PC;with;PC;1;3,919189
1;3;6;elk;PC;with;Real;0,5;10,23999
1;3;7;eagle;Real;with;Real;1;3,064941
1;3;8;horse;Real;with;Real;1;3,487305
1;3;9;gorilla;PC;with;PC;1;3,632935
1;3;10;sheep;PC;with;PC;0;18,35706
1;3;11;goat;Real;with;Real;1;3,942749
1;3;12;leopard;PC;with;PC;0;9,473022
1;3;13;elephant;Real;with;Real;1;3,121704
1;3;14;icebear;Real;with;Real;1;3,953003
1;3;15;cow;PC;with;PC;0,5;3,953735
1;3;16;bison;PC;with;Real;1;5,552856
1;3;17;panda;PC;with;PC;1;3,155151
1;3;18;owl;Real;with;Real;0,993905;3,098633
1;3;19;pig;PC;with;PC;0,5;4,918823
1;3;20;pelikan;Real;with;Real;1;4,153564
1;3;21;hyena;PC;with;Real;0,5;6,930176
1;3;22;crocodile;Real;with;Real;1;3,30957
1;3;23;rhino;Real;with;Real;1;3,83252
1;3;24;zebra;Real;with;Real;1;3,652954
1;3;25;bear;PC;with;PC;1;5,641846
1;3;26;snake;PC;with;PC;1;3,498413
1;3;27;wolf;Real;with;Real;0,8825969;5,342651
1;3;28;tiger;Real;with;Real;0,997085;3,830933
1;3;29;giraffe;PC;with;PC;0,8666959;5,476074
