10;1;0;octopus;PC;with;PC;1;7.909973
10;1;1;horse;PC;with;PC;1;7.796417
10;1;2;pelikan;Real;with;Real;1;4.564667
10;1;3;bear;PC;with;PC;1;6.374725
10;1;4;owl;PC;with;PC;1;6.575012
10;1;5;cow;PC;with;PC;1;3.253876
10;1;6;hyena;Real;with;Real;0.7353366;11.27249
10;1;7;tiger;PC;with;PC;1;5.131134
10;1;8;snake;Real;with;Real;1;4.83139
10;1;9;bison;PC;with;PC;1;5.174866
10;1;10;bouquet;Real;with;Real;1;4.631287
10;1;11;goat;PC;with;PC;1;4.542389
10;1;12;gorilla;PC;with;PC;1;5.06424
10;1;13;donkey;Real;with;Real;0.5;10.25082
10;1;14;kangaroo;Real;with;Real;0.5;6.69696
10;1;15;leopard;PC;with;PC;1;3.187317
10;1;16;panda;Real;with;Real;1;3.363312
10;1;17;sheep;Real;with;Real;1;5.077332
10;1;18;elephant;Real;with;PC;0.2392218;12.65009
10;1;19;hippo;Real;with;Real;1;6.50769
10;1;20;giraffe;Real;with;Real;1;3.731659
10;1;21;wolf;PC;with;PC;1;4.631256
10;1;22;icebear;PC;with;PC;1;3.998169
10;1;23;pig;Real;with;Real;1;3.320587
10;1;24;elk;PC;with;PC;1;3.568817
10;1;25;eagle;PC;with;PC;1;4.483002
10;1;26;turtle;Real;with;Real;1;4.709076
10;1;27;zebra;PC;with;PC;0.5;4.842346
10;1;28;crocodile;Real;with;Real;1;4.253357
10;1;29;rhino;Real;with;PC;0.7162552;6.064178
