17;3;0;owl;PC;with;PC;0.5;10.12598
17;3;1;icebear;VR;with;PC;0.1702269;10.51733
17;3;2;zebra;VR;with;PC;0.0875413;8.18457
17;3;3;bouquet;VR;with;VR;0.9811841;3.820313
17;3;4;pig;PC;with;PC;1;4.064697
17;3;5;kangaroo;PC;with;PC;1;4.987793
17;3;6;donkey;VR;with;VR;0.1511455;15.43701
17;3;7;leopard;VR;with;VR;0.1734072;11.1272
17;3;8;elephant;PC;with;PC;0.9048585;6.730225
17;3;9;hippo;PC;with;PC;0.7204055;7.561523
17;3;10;octopus;VR;with;PC;0.8221727;10.50854
17;3;11;giraffe;VR;with;PC;0.1956688;6.396973
17;3;12;rhino;VR;with;VR;0.1257039;4.563965
17;3;13;panda;PC;with;PC;0;6.019287
17;3;14;wolf;PC;with;VR;0.5;5.687256
17;3;15;goat;PC;with;PC;0.9048585;4.220459
17;3;16;cow;PC;with;PC;0.8857772;4.707764
17;3;17;bison;PC;with;VR;1;4.01001
17;3;18;crocodile;VR;with;VR;0.5;4.398193
17;3;19;sheep;PC;with;PC;0.09072132;5.0625
17;3;20;gorilla;PC;with;VR;0.2147501;20.82544
17;3;21;pelikan;PC;with;VR;1;4.519287
17;3;22;tiger;PC;with;VR;0.02393676;6.875488
17;3;23;snake;VR;with;VR;0.7840101;5.363281
17;3;24;turtle;VR;with;PC;0.1066226;3.898926
17;3;25;bear;VR;with;VR;0.9843641;13.91577
17;3;26;elk;VR;with;VR;0.7267662;4.386963
17;3;27;horse;PC;with;PC;0.838074;8.317627
17;3;28;eagle;VR;with;PC;0.7681091;5.742676
17;3;29;hyena;VR;with;PC;0.03983775;4.119141
