16;5;0;hyena;VR;without;VR;0.2306511;18.3291
16;5;1;bear;VR;without;VR;0.812632;8.041016
16;5;2;icebear;VR;without;VR;0.9366608;6.552246
16;5;3;rhino;PC;with;PC;0.1861281;20.21289
16;5;4;cow;VR;without;VR;1;4.476563
16;5;5;horse;VR;without;VR;0.8476146;4.997314
16;5;6;goat;PC;with;VR;0.6949639;6.041992
16;5;7;sheep;PC;with;PC;0.07164002;32.05103
16;5;8;pig;VR;without;VR;0.1225236;9.340088
16;5;9;octopus;PC;with;PC;0.2465524;19.29126
16;5;10;giraffe;VR;without;VR;0.997085;6.741211
16;5;11;kangaroo;PC;with;PC;0.6599813;7.10791
16;5;12;elk;PC;with;PC;0.3165173;17.80273
16;5;13;owl;PC;with;VR;0.5645748;5.097656
16;5;14;tiger;PC;with;PC;0.9748237;6.841309
16;5;15;panda;PC;with;VR;0.8635156;6.49707
16;5;16;gorilla;VR;without;PC;0.1066226;20.15723
16;5;17;bouquet;PC;with;VR;0.05255871;9.840576
16;5;18;eagle;VR;without;VR;0.2942556;16.54712
16;5;19;crocodile;PC;with;VR;0.7013242;9.329102
16;5;20;pelikan;VR;without;VR;0.825353;4.386963
16;5;21;turtle;VR;without;VR;1;3.465088
16;5;22;donkey;PC;with;VR;0.7108649;5.464111
16;5;23;leopard;PC;with;PC;0;22.21191
16;5;24;zebra;VR;without;VR;0.9112192;4.24292
16;5;25;hippo;VR;without;VR;0.6695223;5.130615
16;5;26;bison;PC;with;PC;0.5;6.153076
16;5;27;elephant;VR;without;VR;0.3705812;22.46802
16;5;28;wolf;PC;with;PC;0.2306511;10.58301
16;5;29;snake;VR;without;VR;0.07800065;21.96753
