1;2;0;bouquet;VR;without;VR;1;6,750854
1;2;1;horse;VR;without;VR;1;3,39624
1;2;2;gorilla;Real;with;Real;1;11,48553
1;2;3;sheep;Real;with;Real;1;4,020386
1;2;4;bear;Real;with;Real;1;4,531189
1;2;5;pig;Real;with;Real;1;3,132751
1;2;6;rhino;Real;with;Real;1;3,341919
1;2;7;donkey;Real;with;Real;1;3,75177
1;2;8;turtle;Real;with;Real;1;3,234924
1;2;9;goat;VR;without;VR;1;3,764099
1;2;10;cow;VR;without;VR;1;3,043396
1;2;11;panda;VR;without;VR;1;3,608887
1;2;12;crocodile;VR;without;Real;0,5;13,47266
1;2;13;owl;Real;with;Real;1;4,385742
1;2;14;hyena;Real;with;Real;1;3,654846
1;2;15;tiger;VR;without;VR;1;3,175415
1;2;16;giraffe;VR;without;VR;1;2,654358
1;2;17;zebra;Real;with;Real;1;2,843689
1;2;18;snake;VR;without;VR;1;3,109863
1;2;19;leopard;VR;without;VR;1;3,487488
1;2;20;octopus;Real;with;Real;1;3,664734
1;2;21;eagle;VR;without;VR;0,5;9,262512
1;2;22;hippo;VR;without;VR;1;4,498291
1;2;23;icebear;Real;with;Real;0,5;6,473511
1;2;24;kangaroo;Real;with;Real;0,9907247;3,742737
1;2;25;bison;Real;with;Real;1;3,498291
1;2;26;wolf;VR;without;VR;1;8,8302
1;2;27;elephant;VR;without;VR;1;5,649719
1;2;28;elk;Real;with;Real;1;3,589539
1;2;29;pelikan;VR;without;VR;1;3,898071
